node_idx,id,gene_id,gene_name,cluster_id
"0","1:3487:3900:3663:-1:ENSDARG00000099104","ENSDARG00000099104","rpl24","8"
"1","1:6650:7300:6650:-1:ENSDARG00000099104","ENSDARG00000099104","rpl24","1"
"2","1:9501:9800:6643:-1:ENSDARG00000099104","ENSDARG00000099104","rpl24","1"
"3","1:10001:10300:6643:-1:ENSDARG00000099104","ENSDARG00000099104","rpl24","1"
"4","1:11501:11700:6643:-1:ENSDARG00000099104","ENSDARG00000099104","rpl24","1"
"5","1:32101:32799:34328:1:ENSDARG00000099640","ENSDARG00000099640","eed","23"
"6","1:32901:33200:34329:1:ENSDARG00000099640","ENSDARG00000099640","eed","1"
"7","1:33401:33600:34329:1:ENSDARG00000099640","ENSDARG00000099640","eed","1"
"8","1:34001:34328:34328:1:ENSDARG00000099640","ENSDARG00000099640","eed","1"
"9","1:38001:38300:39190:1:ENSDARG00000104071","ENSDARG00000104071","hikeshi","9"
"10","1:38501:39320:39190:1:ENSDARG00000104071","ENSDARG00000104071","hikeshi","1"
"11","1:39316:40100:39327,39316:-1:ENSDARG00000102746","ENSDARG00000102746","tmem39a","1"
"12","1:65712:67100:65712:-1:ENSDARG00000100223","ENSDARG00000100223","gpa33a","1"
"13","1:81001:81683:81421:1:ENSDARG00000100782","ENSDARG00000100782","f7l","34"
"14","1:106101:106469:106461,106469,106516:1:ENSDARG00000100782","ENSDARG00000100782","f7l","1"
"15","1:118201:119136:119136:1:ENSDARG00000100782","ENSDARG00000100782","f7l","1"
"16","1:124501:125242:125242:1:ENSDARG00000034862","ENSDARG00000034862","f7","1"
"17","1:133501:134081:134081:1:ENSDARG00000075827","ENSDARG00000075827","f7i","1"
"18","1:141101:142167:142167:1:ENSDARG00000088581","ENSDARG00000088581","f10","1"
"19","1:151401:151997:151997:1:ENSDARG00000076900","ENSDARG00000076900","prozb","8"
"20","1:152008:152500:152217:-1:ENSDARG00000013802","ENSDARG00000013802","pcid2","1"
"21","1:152601:153000:152216,152113:-1:ENSDARG00000013802","ENSDARG00000013802","pcid2","19"
"22","1:165816:166200:165816:-1:ENSDARG00000109848","ENSDARG00000109848","FO681286.1","4"
"23","1:168001:168645:168645:1:ENSDARG00000096578","ENSDARG00000096578","cul4a","1"
"24","1:182101:183799:183799:1:ENSDARG00000100181","ENSDARG00000100181","lamp1a","1"
"25","1:184901:185000:185082:1:ENSDARG00000100181","ENSDARG00000100181","lamp1a","3"
"26","1:184915:185500:184915:-1:ENSDARG00000029936","ENSDARG00000029936","grtp1a","1"
"27","1:186301:186400:184915:-1:ENSDARG00000029936","ENSDARG00000029936","grtp1a","6"
"28","1:200054:200700:200294,200239,200248:-1:ENSDARG00000041589","ENSDARG00000041589","adprhl1","40"
"29","1:208179:208900:208179:-1:ENSDARG00000041592","ENSDARG00000041592","dcun1d2b","1"
"30","1:209201:209300:208179:-1:ENSDARG00000041592","ENSDARG00000041592","dcun1d2b","2"
"31","1:209501:209600:209427:-1:ENSDARG00000041592","ENSDARG00000041592","dcun1d2b","2"
"32","1:212801:212982:213311:1:ENSDARG00000075108","ENSDARG00000075108","tmco3","15"
"33","1:225101:225999:225999:1:ENSDARG00000075108","ENSDARG00000075108","tmco3","1"
"34","1:237301:237400:241707:1:ENSDARG00000016304","ENSDARG00000016304","tfdp1b","11"
"35","1:238001:238200:241707:1:ENSDARG00000016304","ENSDARG00000016304","tfdp1b","41"
"36","1:240901:241707:241707:1:ENSDARG00000016304","ENSDARG00000016304","tfdp1b","1"
"37","1:257601:258137:258137:1:ENSDARG00000058803","ENSDARG00000058803","grk1a","1"
"38","1:283801:284154:284154:1:ENSDARG00000063385","ENSDARG00000063385","cenpe","20"
"39","1:293301:293504:295824:1:ENSDARG00000063385","ENSDARG00000063385","cenpe","1"
"40","1:293801:294200:295824,296055:1:ENSDARG00000063385","ENSDARG00000063385","cenpe","1"
"41","1:295501:296055:296055,295824:1:ENSDARG00000063385","ENSDARG00000063385","cenpe","1"
"42","1:296301:296500:296523:1:ENSDARG00000063385","ENSDARG00000063385","cenpe","1"
"43","1:303001:303891:303935:1:ENSDARG00000063385","ENSDARG00000063385","cenpe","1"
"44","1:312301:312564:312564,312614:1:ENSDARG00000063385","ENSDARG00000063385","cenpe","42"
"45","1:312785:313400:312785:-1:ENSDARG00000007804","ENSDARG00000007804","gas6","1"
"46","1:340901:341000:341081:1:ENSDARG00000063385","ENSDARG00000063385","cenpe","3"
"47","1:341850:342200:341850:-1:ENSDARG00000068261","ENSDARG00000068261","pros1","6"
"48","1:342901:343162:343148,343137,343162:1:ENSDARG00000063385","ENSDARG00000063385","cenpe","9"
"49","1:343293:343900:343293:-1:ENSDARG00000068261","ENSDARG00000068261","pros1","1"
"50","1:359201:359300:359339:1:ENSDARG00000063385","ENSDARG00000063385","cenpe","8"
"51","1:385911:386100:385911:-1:ENSDARG00000063371","ENSDARG00000063371","rasa3","10"
"52","1:442701:443738:443738:1:ENSDARG00000078751","ENSDARG00000078751","tpp2","1"
"53","1:443750:444600:443776,444028,443981,443750,443854,443891:-1:ENSDARG00000078878","ENSDARG00000078878","si:ch73-244f7.3","1"
"54","1:466781:467900:466781:-1:ENSDARG00000016343","ENSDARG00000016343","zgc:92518","1"
"55","1:470301:470500:470245:-1:ENSDARG00000016343","ENSDARG00000016343","zgc:92518","19"
"56","1:474103:474700:474103:-1:ENSDARG00000023678","ENSDARG00000023678","ercc5","1"
"57","1:504501:505617:505617:1:ENSDARG00000011299","ENSDARG00000011299","blzf1","1"
"58","1:506231:506600:506231,506252:-1:ENSDARG00000041575","ENSDARG00000041575","trmt10c","18"
"59","1:508885:509500:509074,508885,509028,508891:-1:ENSDARG00000041575","ENSDARG00000041575","trmt10c","1"
"60","1:509601:509900:509073:-1:ENSDARG00000041575","ENSDARG00000041575","trmt10c","13"
"61","1:515501:515600:518074:1:ENSDARG00000058962","ENSDARG00000058962","txnl4b","43"
"62","1:517501:518074:518074:1:ENSDARG00000058962","ENSDARG00000058962","txnl4b","1"
"63","1:518854:519100:518854:-1:ENSDARG00000089799","ENSDARG00000089799","si:ch73-41e3.7","6"
"64","1:522901:523100:523155:1:ENSDARG00000058962","ENSDARG00000058962","txnl4b","7"
"65","1:527101:527240:530938,527405:1:ENSDARG00000075325","ENSDARG00000075325","mrpl16","44"
"66","1:527701:529166:530938:1:ENSDARG00000075325","ENSDARG00000075325","mrpl16","1"
"67","1:529901:530938:530938:1:ENSDARG00000075325","ENSDARG00000075325","mrpl16","1"
"68","1:549521:549800:549521:-1:ENSDARG00000113329","ENSDARG00000113329","CU571081.1","1"
"69","1:551701:552085:552050:1:ENSDARG00000041570","ENSDARG00000041570","mrpl39","1"
"70","1:556001:556588:556371,556588:1:ENSDARG00000041570","ENSDARG00000041570","mrpl39","2"
"71","1:557001:557198:557198,557205:1:ENSDARG00000041570","ENSDARG00000041570","mrpl39","16"
"72","1:562901:563200:563227:1:ENSDARG00000081781","ENSDARG00000081781","dre-mir-155","3"
"73","1:577501:577843:577843:1:ENSDARG00000081781","ENSDARG00000081781","dre-mir-155","45"
"74","1:591801:592455:592379,592299,592309:1:ENSDARG00000041570","ENSDARG00000041570","mrpl39","6"
"75","1:603301:603400:608236:1:ENSDARG00000058996","ENSDARG00000058996","jam2a","46"
"76","1:604101:604300:608236:1:ENSDARG00000058996","ENSDARG00000058996","jam2a","4"
"77","1:606001:606200:608236:1:ENSDARG00000058996","ENSDARG00000058996","jam2a","47"
"78","1:607901:608234:608234:1:ENSDARG00000058996","ENSDARG00000058996","jam2a","1"
"79","1:609601:609788:609788:1:ENSDARG00000058996","ENSDARG00000058996","jam2a","18"
"80","1:610692:611400:610692:-1:ENSDARG00000014313","ENSDARG00000014313","atp5pf","1"
"81","1:612801:613200:610692:-1:ENSDARG00000014313","ENSDARG00000014313","atp5pf","1"
"82","1:614501:614700:610692:-1:ENSDARG00000014313","ENSDARG00000014313","atp5pf","20"
"83","1:614954:615600:614972:-1:ENSDARG00000104279","ENSDARG00000104279","appa","1"
"84","1:617800:619200:617800:-1:ENSDARG00000104279","ENSDARG00000104279","appa","1"
"85","1:658409:659800:658409:-1:ENSDARG00000103783","ENSDARG00000103783","cyyr1","1"
"86","1:663501:663700:663476:-1:ENSDARG00000103783","ENSDARG00000103783","cyyr1","48"
"87","1:672194:673000:672194:-1:ENSDARG00000103519","ENSDARG00000103519","adamts1","1"
"88","1:685322:685600:685299:-1:ENSDARG00000100307","ENSDARG00000100307","adamts5","49"
"89","1:970924:971800:971099:-1:ENSDARG00000101089","ENSDARG00000101089","gart","1"
"90","1:973067:973800:973067:-1:ENSDARG00000101089","ENSDARG00000101089","gart","1"
"91","1:976201:976400:973067:-1:ENSDARG00000101089","ENSDARG00000101089","gart","9"
"92","1:976701:978100:977713:-1:ENSDARG00000101089","ENSDARG00000101089","gart","1"
"93","1:984925:985300:984925:-1:ENSDARG00000101089","ENSDARG00000101089","gart","14"
"94","1:985500:985600:984925:-1:ENSDARG00000101089","ENSDARG00000101089","gart","7"
"95","1:992501:992729:992704:1:ENSDARG00000115421","ENSDARG00000115421","n6amt1","7"
"96","1:993206:993800:993206:-1:ENSDARG00000101089","ENSDARG00000101089","gart","50"
"97","1:1005937:1007100:1006795:-1:ENSDARG00000101089","ENSDARG00000101089","gart","1"
"98","1:1028701:1029534:1029277:1:ENSDARG00000115421","ENSDARG00000115421","n6amt1","1"
"99","1:1028706:1029100:1028733:-1:ENSDARG00000115673","ENSDARG00000115673","5S_rRNA","35"
"100","1:1036201:1036370:1036370:1:ENSDARG00000115421","ENSDARG00000115421","n6amt1","2"
"101","1:1039401:1039600:1039703:1:ENSDARG00000115421","ENSDARG00000115421","n6amt1","2"
"102","1:1129101:1129300:1129388:1:ENSDARG00000116514","ENSDARG00000116514","5S_rRNA","8"
"103","1:1132114:1132700:1132114:-1:ENSDARG00000115673","ENSDARG00000115673","5S_rRNA","1"
"104","1:1143705:1144800:1144291:-1:ENSDARG00000115673","ENSDARG00000115673","5S_rRNA","1"
"105","1:1269101:1269300:1269008:-1:ENSDARG00000103469","ENSDARG00000103469","CR450787.1","6"
"106","1:1277001:1277100:1277208:1:ENSDARG00000116514","ENSDARG00000116514","5S_rRNA","10"
"107","1:1301201:1301562:1301562:1:ENSDARG00000116514","ENSDARG00000116514","5S_rRNA","14"
"108","1:1361834:1362400:1361863:-1:ENSDARG00000087646","ENSDARG00000087646","runx1","1"
"109","1:1400498:1401000:1400620:-1:ENSDARG00000087646","ENSDARG00000087646","runx1","1"
"110","1:1455001:1455100:1455101:1:ENSDARG00000080051","ENSDARG00000080051","dre-mir-459","13"
"111","1:1469601:1469756:1469756:1:ENSDARG00000080051","ENSDARG00000080051","dre-mir-459","9"
"112","1:1543610:1543900:1543610,1543635:-1:ENSDARG00000099108","ENSDARG00000099108","clic6","12"
"113","1:1573301:1575063:1575046:1:ENSDARG00000080051","ENSDARG00000080051","dre-mir-459","1"
"114","1:1575401:1575659:1575659:1:ENSDARG00000080051","ENSDARG00000080051","dre-mir-459","1"
"115","1:1577001:1577474:1577474:1:ENSDARG00000080051","ENSDARG00000080051","dre-mir-459","1"
"116","1:1606901:1607267:1614534:1:ENSDARG00000067781","ENSDARG00000067781","urp2","1"
"117","1:1609301:1609500:1614534,1614495:1:ENSDARG00000067781","ENSDARG00000067781","urp2","10"
"118","1:1614201:1614532:1614532,1614495:1:ENSDARG00000067781","ENSDARG00000067781","urp2","1"
"119","1:1617661:1618200:1617661:-1:ENSDARG00000099108","ENSDARG00000099108","clic6","1"
"120","1:1620328:1620700:1620328:-1:ENSDARG00000099108","ENSDARG00000099108","clic6","1"
"121","1:1623136:1623300:1623136:-1:ENSDARG00000099108","ENSDARG00000099108","clic6","16"
"122","1:1682801:1683000:1683073:1:ENSDARG00000001870","ENSDARG00000001870","atp1a1a.4","21"
"123","1:1701301:1701500:1706158:1:ENSDARG00000001870","ENSDARG00000001870","atp1a1a.4","2"
"124","1:1703101:1703300:1706158:1:ENSDARG00000001870","ENSDARG00000001870","atp1a1a.4","1"
"125","1:1703801:1704652:1706158:1:ENSDARG00000001870","ENSDARG00000001870","atp1a1a.4","1"
"126","1:1705601:1706158:1706158:1:ENSDARG00000001870","ENSDARG00000001870","atp1a1a.4","1"
"127","1:1706301:1706926:1706813:1:ENSDARG00000001870","ENSDARG00000001870","atp1a1a.4","1"
"128","1:1707501:1707973:1707973:1:ENSDARG00000001870","ENSDARG00000001870","atp1a1a.4","1"
"129","1:1712801:1713723:1713277:1:ENSDARG00000002791","ENSDARG00000002791","atp1a1a.1","1"
"130","1:1723101:1723656:1731563:1:ENSDARG00000002791","ENSDARG00000002791","atp1a1a.1","1"
"131","1:1724001:1724737:1731563:1:ENSDARG00000002791","ENSDARG00000002791","atp1a1a.1","1"
"132","1:1730801:1731563:1731563:1:ENSDARG00000002791","ENSDARG00000002791","atp1a1a.1","1"
"133","1:1735101:1736413:1736413:1:ENSDARG00000002791","ENSDARG00000002791","atp1a1a.1","1"
"134","1:1758101:1758416:1758416:1:ENSDARG00000002791","ENSDARG00000002791","atp1a1a.1","1"
"135","1:1790801:1791604:1791123:1:ENSDARG00000007739","ENSDARG00000007739","atp1a1a.2","1"
"136","1:1798401:1798822:1798955:1:ENSDARG00000007739","ENSDARG00000007739","atp1a1a.2","1"
"137","1:1812501:1813100:1815659:1:ENSDARG00000039131","ENSDARG00000039131","atp1a1a.3","1"
"138","1:1815001:1815659:1815659:1:ENSDARG00000039131","ENSDARG00000039131","atp1a1a.3","1"
"139","1:1827401:1827600:1827617:1:ENSDARG00000039131","ENSDARG00000039131","atp1a1a.3","6"
"140","1:1849601:1850249:1850100:1:ENSDARG00000040252","ENSDARG00000040252","atp1a1a.5","1"
"141","1:1850176:1852100:1850176,1850908:-1:ENSDARG00000089477","ENSDARG00000089477","si:ch211-132g1.3","1"
"142","1:1853325:1853900:1853325:-1:ENSDARG00000089477","ENSDARG00000089477","si:ch211-132g1.3","1"
"143","1:1874401:1874600:1874400:-1:ENSDARG00000089477","ENSDARG00000089477","si:ch211-132g1.3","14"
"144","1:1887413:1887700:1887413:-1:ENSDARG00000089477","ENSDARG00000089477","si:ch211-132g1.3","1"
"145","1:1890201:1890400:1887413:-1:ENSDARG00000089477","ENSDARG00000089477","si:ch211-132g1.3","2"
"146","1:1911501:1911700:1911707:1:ENSDARG00000095102","ENSDARG00000095102","si:ch211-132g1.4","6"
"147","1:1928901:1929165:1929157,1929165:1:ENSDARG00000040250","ENSDARG00000040250","si:ch211-132g1.1","24"
"148","1:1972501:1972708:1972708:1:ENSDARG00000075505","ENSDARG00000075505","si:ch211-132g1.7","12"
"149","1:2004701:2005558:2005558:1:ENSDARG00000075505","ENSDARG00000075505","si:ch211-132g1.7","1"
"150","1:2007701:2007800:2007846:1:ENSDARG00000075505","ENSDARG00000075505","si:ch211-132g1.7","14"
"151","1:2044525:2044800:2044525:-1:ENSDARG00000033684","ENSDARG00000033684","oxgr1a.1","8"
"152","1:2139401:2140890:2140890:1:ENSDARG00000018460","ENSDARG00000018460","mbnl2","1"
"153","1:2165501:2165676:2165637:1:ENSDARG00000018460","ENSDARG00000018460","mbnl2","51"
"154","1:2183001:2183400:2183480:1:ENSDARG00000018460","ENSDARG00000018460","mbnl2","1"
"155","1:2187301:2188637:2188061:1:ENSDARG00000018460","ENSDARG00000018460","mbnl2","1"
"156","1:2198601:2198700:2198717:1:ENSDARG00000018460","ENSDARG00000018460","mbnl2","5"
"157","1:2212301:2212408:2212397:1:ENSDARG00000018460","ENSDARG00000018460","mbnl2","8"
"158","1:2214601:2217859:2215209,2216407,2217859:1:ENSDARG00000018460","ENSDARG00000018460","mbnl2","1"
"159","1:2219001:2219541:2219413:1:ENSDARG00000018460","ENSDARG00000018460","mbnl2","3"
"160","1:2229601:2229700:2229724:1:ENSDARG00000040246","ENSDARG00000040246","rap2ab","3"
"161","1:2244101:2246409:2244927:1:ENSDARG00000040246","ENSDARG00000040246","rap2ab","1"
"162","1:2247901:2248192:2248183,2248192:1:ENSDARG00000040246","ENSDARG00000040246","rap2ab","6"
"163","1:2248501:2249266:2249266,2248980:1:ENSDARG00000040246","ENSDARG00000040246","rap2ab","1"
"164","1:2271101:2271193:2271193:1:ENSDARG00000082290","ENSDARG00000082290","CR352215.1","14"
"165","1:2298501:2299551:2299551:1:ENSDARG00000040245","ENSDARG00000040245","kpnb3","1"
"166","1:2300301:2300700:2300761:1:ENSDARG00000040245","ENSDARG00000040245","kpnb3","13"
"167","1:2324901:2325000:2324854:-1:ENSDARG00000095179","ENSDARG00000095179","si:ch211-235f1.3","2"
"168","1:2331576:2332100:2331576:-1:ENSDARG00000095179","ENSDARG00000095179","si:ch211-235f1.3","1"
"169","1:2336601:2337300:2335988:-1:ENSDARG00000095179","ENSDARG00000095179","si:ch211-235f1.3","1"
"170","1:2364601:2365051:2365020,2365051:1:ENSDARG00000074381","ENSDARG00000074381","farp1","2"
"171","1:2389701:2390552:2390041:1:ENSDARG00000074381","ENSDARG00000074381","farp1","1"
"172","1:2392301:2392586:2392586:1:ENSDARG00000074381","ENSDARG00000074381","farp1","20"
"173","1:2415801:2416391:2416391:1:ENSDARG00000074381","ENSDARG00000074381","farp1","1"
"174","1:2426701:2426800:2426680:-1:ENSDARG00000070579","ENSDARG00000070579","ggact.3","15"
"175","1:2438401:2438500:2438310:-1:ENSDARG00000070579","ENSDARG00000070579","ggact.3","2"
"176","1:2443301:2443600:2443109:-1:ENSDARG00000070579","ENSDARG00000070579","ggact.3","9"
"177","1:2445001:2446113:2446113:1:ENSDARG00000074381","ENSDARG00000074381","farp1","1"
"178","1:2446006:2446300:2446177:-1:ENSDARG00000070579","ENSDARG00000070579","ggact.3","4"
"179","1:2446668:2447400:2446497:-1:ENSDARG00000070579","ENSDARG00000070579","ggact.3","1"
"180","1:2450165:2451000:2450165,2450504,2450513:-1:ENSDARG00000038248","ENSDARG00000038248","ggact.2","1"
"181","1:2454147:2454400:2454147:-1:ENSDARG00000070581","ENSDARG00000070581","ggact.1","1"
"182","1:2458301:2458469:2458469:1:ENSDARG00000074381","ENSDARG00000074381","farp1","1"
"183","1:2735201:2735916:2735916:1:ENSDARG00000074381","ENSDARG00000074381","farp1","1"
"184","1:2810001:2810656:2810656:1:ENSDARG00000103156","ENSDARG00000103156","gpc6a","1"
"185","1:2826601:2826988:2826988:1:ENSDARG00000103156","ENSDARG00000103156","gpc6a","1"
"186","1:2841801:2841897:2841910:1:ENSDARG00000103156","ENSDARG00000103156","gpc6a","1"
"187","1:2873701:2873800:2873651:-1:ENSDARG00000096559","ENSDARG00000096559","CU986306.1","36"
"188","1:2902901:2903650:2903496:1:ENSDARG00000103156","ENSDARG00000103156","gpc6a","1"
"189","1:2904801:2905767:2905414:1:ENSDARG00000103156","ENSDARG00000103156","gpc6a","1"
"190","1:2926701:2927486:2927169:1:ENSDARG00000103156","ENSDARG00000103156","gpc6a","1"
"191","1:2952154:2952500:38169514:-1:ENSDARG00000029722","ENSDARG00000029722","hmgb2a","1"
"192","1:2984401:2985231:2985071:1:ENSDARG00000103156","ENSDARG00000103156","gpc6a","1"
"193","1:2996033:2996500:2996249:-1:ENSDARG00000103647","ENSDARG00000103647","gpc5a","1"
"194","1:3006301:3006500:3006521:1:ENSDARG00000103156","ENSDARG00000103156","gpc6a","15"
"195","1:3013701:3013800:3013635:-1:ENSDARG00000103647","ENSDARG00000103647","gpc5a","15"
"196","1:3015101:3015274:3015274:1:ENSDARG00000103156","ENSDARG00000103156","gpc6a","1"
"197","1:3039001:3040054:3039370:1:ENSDARG00000103156","ENSDARG00000103156","gpc6a","1"
"198","1:3041501:3042598:3042598:1:ENSDARG00000103156","ENSDARG00000103156","gpc6a","1"
"199","1:3046501:3046600:3046423:-1:ENSDARG00000103647","ENSDARG00000103647","gpc5a","3"
"200","1:3062001:3062300:3061949:-1:ENSDARG00000103647","ENSDARG00000103647","gpc5a","52"
"201","1:3066958:3067500:3066958:-1:ENSDARG00000103647","ENSDARG00000103647","gpc5a","1"
"202","1:3073590:3073900:3073590:-1:ENSDARG00000103647","ENSDARG00000103647","gpc5a","37"
"203","1:3112801:3113185:24359652:1:ENSDARG00000035692","ENSDARG00000035692","rps3a","1"
"204","1:3112820:3113200:8649105:-1:ENSDARG00000037746","ENSDARG00000037746","actb1","1"
"205","1:3117301:3117696:3117608:1:ENSDARG00000103156","ENSDARG00000103156","gpc6a","1"
"206","1:3140641:3141000:3140641:-1:ENSDARG00000103647","ENSDARG00000103647","gpc5a","6"
"207","1:3187501:3187700:3187723:1:ENSDARG00000103156","ENSDARG00000103156","gpc6a","5"
"208","1:3268276:3268600:3267979:-1:ENSDARG00000104805","ENSDARG00000104805","dre-mir-92a-1","1"
"209","1:3294227:3294400:3294227:-1:ENSDARG00000104805","ENSDARG00000104805","dre-mir-92a-1","53"
"210","1:3297202:3298200:3297202:-1:ENSDARG00000104805","ENSDARG00000104805","dre-mir-92a-1","54"
"211","1:3305624:3305900:3305624:-1:ENSDARG00000117575","ENSDARG00000117575","CABZ01113467.1","25"
"212","1:3305901:3306095:3306138:1:ENSDARG00000103156","ENSDARG00000103156","gpc6a","11"
"213","1:3383701:3383800:3383541:-1:ENSDARG00000117575","ENSDARG00000117575","CABZ01113467.1","16"
"214","1:3411001:3411200:3411273:1:ENSDARG00000088916","ENSDARG00000088916","5S_rRNA","8"
"215","1:3438801:3438900:3438960:1:ENSDARG00000088916","ENSDARG00000088916","5S_rRNA","8"
"216","1:3458101:3458200:3458223:1:ENSDARG00000088916","ENSDARG00000088916","5S_rRNA","8"
"217","1:3494204:3494500:3494343:-1:ENSDARG00000117575","ENSDARG00000117575","CABZ01113467.1","24"
"218","1:3550601:3550700:3550552:-1:ENSDARG00000117575","ENSDARG00000117575","CABZ01113467.1","8"
"219","1:3567301:3567400:3567617:1:ENSDARG00000088916","ENSDARG00000088916","5S_rRNA","11"
"220","1:3677450:3677700:3677363:-1:ENSDARG00000117575","ENSDARG00000117575","CABZ01113467.1","1"
"221","1:3684001:3684295:3684295:1:ENSDARG00000088916","ENSDARG00000088916","5S_rRNA","55"
"222","1:3710006:3710200:3710006:-1:ENSDARG00000117575","ENSDARG00000117575","CABZ01113467.1","12"
"223","1:3723401:3723649:3723649:1:ENSDARG00000088916","ENSDARG00000088916","5S_rRNA","26"
"224","1:3782401:3782532:3782636:1:ENSDARG00000088916","ENSDARG00000088916","5S_rRNA","13"
"225","1:3794101:3794465:3794465:1:ENSDARG00000088916","ENSDARG00000088916","5S_rRNA","2"
"226","1:3794337:3794800:3794412:-1:ENSDARG00000104115","ENSDARG00000104115","5_8S_rRNA","56"
"227","1:3795301:3795490:3795589,3795583:1:ENSDARG00000088916","ENSDARG00000088916","5S_rRNA","57"
"228","1:3817401:3817600:3817354:-1:ENSDARG00000104115","ENSDARG00000104115","5_8S_rRNA","7"
"229","1:3824134:3824700:3824048,3824099:-1:ENSDARG00000104115","ENSDARG00000104115","5_8S_rRNA","1"
"230","1:3828621:3828900:3828621,3828478:-1:ENSDARG00000104115","ENSDARG00000104115","5_8S_rRNA","1"
"231","1:3828901:3829052:3829052:1:ENSDARG00000088916","ENSDARG00000088916","5S_rRNA","16"
"232","1:3829501:3829600:3829614,3829653:1:ENSDARG00000088916","ENSDARG00000088916","5S_rRNA","14"
"233","1:3829801:3829998:3829978:1:ENSDARG00000088916","ENSDARG00000088916","5S_rRNA","58"
"234","1:3841401:3841500:3841531:1:ENSDARG00000088916","ENSDARG00000088916","5S_rRNA","5"
"235","1:3936101:3936389:3936413:1:ENSDARG00000088916","ENSDARG00000088916","5S_rRNA","8"
"236","1:3960901:3961278:3961444:1:ENSDARG00000098769","ENSDARG00000098769","slitrk6","5"
"237","1:4048801:4049014:4049136:1:ENSDARG00000098769","ENSDARG00000098769","slitrk6","1"
"238","1:4052001:4052100:4051973:-1:ENSDARG00000104115","ENSDARG00000104115","5_8S_rRNA","21"
"239","1:4088084:4088700:4088360:-1:ENSDARG00000104115","ENSDARG00000104115","5_8S_rRNA","1"
"240","1:4093601:4093760:4093760:1:ENSDARG00000098769","ENSDARG00000098769","slitrk6","2"
"241","1:4093709:4093900:4093709:-1:ENSDARG00000104115","ENSDARG00000104115","5_8S_rRNA","5"
"242","1:4132001:4132217:4132646:1:ENSDARG00000098769","ENSDARG00000098769","slitrk6","1"
"243","1:4136301:4136741:4136670:1:ENSDARG00000098769","ENSDARG00000098769","slitrk6","1"
"244","1:4153301:4154530:4154326,4154530,4154399:1:ENSDARG00000098769","ENSDARG00000098769","slitrk6","1"
"245","1:4155301:4155538:4155538:1:ENSDARG00000098769","ENSDARG00000098769","slitrk6","59"
"246","1:4176001:4176367:4176367:1:ENSDARG00000098769","ENSDARG00000098769","slitrk6","1"
"247","1:4177701:4177894:4177935:1:ENSDARG00000098769","ENSDARG00000098769","slitrk6","2"
"248","1:4207413:4207800:4207490:-1:ENSDARG00000104115","ENSDARG00000104115","5_8S_rRNA","60"
"249","1:4308201:4308500:4308547:1:ENSDARG00000098769","ENSDARG00000098769","slitrk6","2"
"250","1:4353409:4353600:4353375:-1:ENSDARG00000102013","ENSDARG00000102013","FP009765.1","2"
"251","1:4549301:4550475:4550475:1:ENSDARG00000117775","ENSDARG00000117775","FO744838.1","1"
"252","1:4555501:4556129:4556129:1:ENSDARG00000117775","ENSDARG00000117775","FO744838.1","1"
"253","1:4560701:4560900:4560679:-1:ENSDARG00000102013","ENSDARG00000102013","FP009765.1","11"
"254","1:4563201:4563599:4563684:1:ENSDARG00000117775","ENSDARG00000117775","FO744838.1","27"
"255","1:4836401:4836500:4836333:-1:ENSDARG00000082581","ENSDARG00000082581","5S_rRNA","4"
"256","1:4883701:4883867:4883867:1:ENSDARG00000117775","ENSDARG00000117775","FO744838.1","2"
"257","1:4904001:4904664:4904705:1:ENSDARG00000117775","ENSDARG00000117775","FO744838.1","8"
"258","1:4988408:4988500:4988408:-1:ENSDARG00000082581","ENSDARG00000082581","5S_rRNA","1"
"259","1:5012501:5013066:5012746:1:ENSDARG00000078308","ENSDARG00000078308","spry2","1"
"260","1:5057401:5057500:5057542:1:ENSDARG00000078308","ENSDARG00000078308","spry2","2"
"261","1:5090401:5090500:5090556:1:ENSDARG00000078308","ENSDARG00000078308","spry2","19"
"262","1:5114201:5114457:5114380:1:ENSDARG00000078308","ENSDARG00000078308","spry2","1"
"263","1:5216580:5216900:5216613,5216580,5216485:-1:ENSDARG00000033928","ENSDARG00000033928","ndfip2","7"
"264","1:5227826:5228000:5227826:-1:ENSDARG00000033928","ENSDARG00000033928","ndfip2","10"
"265","1:5279201:5279473:5279514:1:ENSDARG00000078308","ENSDARG00000078308","spry2","1"
"266","1:5279601:5280620:5280390:1:ENSDARG00000078308","ENSDARG00000078308","spry2","1"
"267","1:5284101:5284643:5284520:1:ENSDARG00000078308","ENSDARG00000078308","spry2","1"
"268","1:5285101:5285274:5285274:1:ENSDARG00000078308","ENSDARG00000078308","spry2","7"
"269","1:5301219:5302600:5301219:-1:ENSDARG00000033928","ENSDARG00000033928","ndfip2","1"
"270","1:5306648:5307200:5306886:-1:ENSDARG00000033928","ENSDARG00000033928","ndfip2","61"
"271","1:5307965:5308500:5307965:-1:ENSDARG00000033928","ENSDARG00000033928","ndfip2","62"
"272","1:5312601:5313663:5312972:1:ENSDARG00000078308","ENSDARG00000078308","spry2","1"
"273","1:5314449:5314800:5314449:-1:ENSDARG00000033928","ENSDARG00000033928","ndfip2","2"
"274","1:5339967:5341200:5339967:-1:ENSDARG00000033928","ENSDARG00000033928","ndfip2","1"
"275","1:5350601:5350800:5350577:-1:ENSDARG00000033928","ENSDARG00000033928","ndfip2","2"
"276","1:5351478:5351800:5351377:-1:ENSDARG00000033928","ENSDARG00000033928","ndfip2","28"
"277","1:5354490:5356300:5354490:-1:ENSDARG00000033928","ENSDARG00000033928","ndfip2","1"
"278","1:5358507:5359100:5358573:-1:ENSDARG00000033928","ENSDARG00000033928","ndfip2","1"
"279","1:5418101:5419115:5419115:1:ENSDARG00000031164","ENSDARG00000031164","tuba8l2","1"
"280","1:5435601:5435895:5435895,5435883,5435889:1:ENSDARG00000037777","ENSDARG00000037777","stk16","1"
"281","1:5436601:5437321:5437321:1:ENSDARG00000037777","ENSDARG00000037777","stk16","1"
"282","1:5453201:5453400:5453463:1:ENSDARG00000016706","ENSDARG00000016706","atic","13"
"283","1:5480001:5480100:5479876:-1:ENSDARG00000006526","ENSDARG00000006526","fn1b","19"
"284","1:5502001:5502200:5504128:1:ENSDARG00000016706","ENSDARG00000016706","atic","10"
"285","1:5504129:5505200:5504129:-1:ENSDARG00000006526","ENSDARG00000006526","fn1b","1"
"286","1:5506001:5506179:5506179:1:ENSDARG00000016706","ENSDARG00000016706","atic","63"
"287","1:5529754:5530300:5529816,5529843,5529835:-1:ENSDARG00000006526","ENSDARG00000006526","fn1b","1"
"288","1:5586901:5587568:5587568:1:ENSDARG00000077688","ENSDARG00000077688","cpo","1"
"289","1:5592801:5593000:5592780:-1:ENSDARG00000096546","ENSDARG00000096546","nrp2a","9"
"290","1:5593001:5593267:5593301:1:ENSDARG00000077688","ENSDARG00000077688","cpo","18"
"291","1:5596702:5596800:5596702:-1:ENSDARG00000096546","ENSDARG00000096546","nrp2a","18"
"292","1:5606461:5607500:5606461:-1:ENSDARG00000096546","ENSDARG00000096546","nrp2a","1"
"293","1:5607669:5608500:5608021:-1:ENSDARG00000096546","ENSDARG00000096546","nrp2a","1"
"294","1:5613463:5614000:5613463:-1:ENSDARG00000096546","ENSDARG00000096546","nrp2a","1"
"295","1:5630923:5631400:5630923:-1:ENSDARG00000096546","ENSDARG00000096546","nrp2a","38"
"296","1:5641201:5641300:5641148:-1:ENSDARG00000096546","ENSDARG00000096546","nrp2a","64"
"297","1:5642138:5642800:5642312:-1:ENSDARG00000096546","ENSDARG00000096546","nrp2a","1"
"298","1:5643884:5645400:5644898:-1:ENSDARG00000096546","ENSDARG00000096546","nrp2a","1"
"299","1:5650602:5651400:5650750:-1:ENSDARG00000096546","ENSDARG00000096546","nrp2a","1"
"300","1:5685616:5685800:5685616:-1:ENSDARG00000096546","ENSDARG00000096546","nrp2a","4"
"301","1:5688368:5688800:5688398:-1:ENSDARG00000096546","ENSDARG00000096546","nrp2a","1"
"302","1:5710137:5711800:5710467:-1:ENSDARG00000096546","ENSDARG00000096546","nrp2a","1"
"303","1:5787102:5787500:5787198:-1:ENSDARG00000092671","ENSDARG00000092671","pard3ba","29"
"304","1:5790908:5791100:5790908:-1:ENSDARG00000092671","ENSDARG00000092671","pard3ba","2"
"305","1:5795022:5795600:5795022:-1:ENSDARG00000092671","ENSDARG00000092671","pard3ba","1"
"306","1:5827692:5827900:5827692:-1:ENSDARG00000092671","ENSDARG00000092671","pard3ba","1"
"307","1:5836509:5836800:5836521:-1:ENSDARG00000092671","ENSDARG00000092671","pard3ba","16"
"308","1:5880031:5880400:5880031:-1:ENSDARG00000092671","ENSDARG00000092671","pard3ba","1"
"309","1:5891401:5891500:5891332:-1:ENSDARG00000092671","ENSDARG00000092671","pard3ba","19"
"310","1:5904101:5904300:5904089:-1:ENSDARG00000092671","ENSDARG00000092671","pard3ba","6"
"311","1:5930779:5932000:5930779:-1:ENSDARG00000092671","ENSDARG00000092671","pard3ba","1"
"312","1:5992313:5992500:5992313:-1:ENSDARG00000113935","ENSDARG00000113935","pard3ba","17"
"313","1:6005301:6005400:6005403:1:ENSDARG00000063297","ENSDARG00000063297","abcb6a","2"
"314","1:6040438:6040700:6040438:-1:ENSDARG00000113935","ENSDARG00000113935","pard3ba","9"
"315","1:6048771:6050000:6049034:-1:ENSDARG00000113935","ENSDARG00000113935","pard3ba","1"
"316","1:6055603:6056000:6055603:-1:ENSDARG00000113935","ENSDARG00000113935","pard3ba","30"
"317","1:6057128:6057800:6057343:-1:ENSDARG00000113935","ENSDARG00000113935","pard3ba","1"
"318","1:6160001:6160855:6160855:1:ENSDARG00000063297","ENSDARG00000063297","abcb6a","1"
"319","1:6168801:6169815:6169815:1:ENSDARG00000027078","ENSDARG00000027078","cnppd1","1"
"320","1:6181801:6181989:6181989:1:ENSDARG00000017537","ENSDARG00000017537","prkag3a","65"
"321","1:6183101:6183200:6185518:1:ENSDARG00000017537","ENSDARG00000017537","prkag3a","9"
"322","1:6184801:6185518:6185518:1:ENSDARG00000017537","ENSDARG00000017537","prkag3a","1"
"323","1:6194001:6194996:6194274:1:ENSDARG00000063270","ENSDARG00000063270","retreg2","1"
"324","1:6207301:6207588:6207574,6207588:1:ENSDARG00000063270","ENSDARG00000063270","retreg2","66"
"325","1:6209801:6211068:6210815,6210789:1:ENSDARG00000063270","ENSDARG00000063270","retreg2","1"
"326","1:6212206:6212500:6212216,6212200,6212206:-1:ENSDARG00000018008","ENSDARG00000018008","mdh1b","16"
"327","1:6218641:6218900:6218641,6218650:-1:ENSDARG00000018008","ENSDARG00000018008","mdh1b","3"
"328","1:6219001:6219100:6218641,6218648:-1:ENSDARG00000018008","ENSDARG00000018008","mdh1b","4"
"329","1:6220301:6220654:6220635:1:ENSDARG00000063270","ENSDARG00000063270","retreg2","1"
"330","1:6226501:6226865:6226865:1:ENSDARG00000074031","ENSDARG00000074031","fastkd2","2"
"331","1:6238601:6238800:6243816:1:ENSDARG00000074031","ENSDARG00000074031","fastkd2","2"
"332","1:6240401:6240571:6240571,6243816:1:ENSDARG00000074031","ENSDARG00000074031","fastkd2","10"
"333","1:6241301:6241500:6243816:1:ENSDARG00000074031","ENSDARG00000074031","fastkd2","67"
"334","1:6243501:6244321:6243816:1:ENSDARG00000074031","ENSDARG00000074031","fastkd2","1"
"335","1:6267901:6268100:6267860:-1:ENSDARG00000018008","ENSDARG00000018008","mdh1b","11"
"336","1:6269001:6269200:6272145:1:ENSDARG00000043247","ENSDARG00000043247","gtf3c3","8"
"337","1:6271601:6271800:6272145:1:ENSDARG00000043247","ENSDARG00000043247","gtf3c3","2"
"338","1:6271901:6272145:6272145:1:ENSDARG00000043247","ENSDARG00000043247","gtf3c3","1"
"339","1:6290201:6290662:6290649:1:ENSDARG00000043247","ENSDARG00000043247","gtf3c3","1"
"340","1:6338001:6338371:6338371:1:ENSDARG00000113848","ENSDARG00000113848","LO018629.1","1"
"341","1:6358501:6358986:6358968:1:ENSDARG00000063253","ENSDARG00000063253","hecw2b","1"
"342","1:6388401:6388644:6388550:1:ENSDARG00000063253","ENSDARG00000063253","hecw2b","68"
"343","1:6391101:6391386:6391444:1:ENSDARG00000063253","ENSDARG00000063253","hecw2b","2"
"344","1:6398204:6398800:6398204:-1:ENSDARG00000073857","ENSDARG00000073857","klf7a","1"
"345","1:6417015:6418500:6417589:-1:ENSDARG00000073857","ENSDARG00000073857","klf7a","1"
"346","1:6447545:6447900:6447615,6447677:-1:ENSDARG00000107682","ENSDARG00000107682","5S_rRNA","69"
"347","1:6448901:6449185:6449185:1:ENSDARG00000063253","ENSDARG00000063253","hecw2b","1"
"348","1:6449055:6450000:6449735:-1:ENSDARG00000107682","ENSDARG00000107682","5S_rRNA","1"
"349","1:6455601:6455890:6455868:1:ENSDARG00000063253","ENSDARG00000063253","hecw2b","1"
"350","1:6458618:6459900:6458715:-1:ENSDARG00000107682","ENSDARG00000107682","5S_rRNA","1"
"351","1:6467501:6467700:6467765:1:ENSDARG00000063253","ENSDARG00000063253","hecw2b","8"
"352","1:6515201:6515692:6515595:1:ENSDARG00000070558","ENSDARG00000070558","si:ch211-93g23.2","70"
"353","1:6524401:6525000:6525116:1:ENSDARG00000070558","ENSDARG00000070558","si:ch211-93g23.2","71"
"354","1:6566801:6567186:6567089:1:ENSDARG00000070558","ENSDARG00000070558","si:ch211-93g23.2","72"
"355","1:6643201:6643400:6646357,6646351:1:ENSDARG00000070558","ENSDARG00000070558","si:ch211-93g23.2","11"
"356","1:6644501:6644700:6646357:1:ENSDARG00000070558","ENSDARG00000070558","si:ch211-93g23.2","73"
"357","1:6646101:6646357:6646357:1:ENSDARG00000070558","ENSDARG00000070558","si:ch211-93g23.2","1"
"358","1:6661901:6664121:6664121:1:ENSDARG00000025754","ENSDARG00000025754","ube2f","1"
"359","1:6715401:6717085:6716815:1:ENSDARG00000096530","ENSDARG00000096530","AL929396.1","1"
"360","1:6726701:6727701:6727445:1:ENSDARG00000096530","ENSDARG00000096530","AL929396.1","1"
"361","1:6730601:6731146:6731086,6730962:1:ENSDARG00000116636","ENSDARG00000116636","5S_rRNA","1"
"362","1:6736801:6736900:6736609:-1:ENSDARG00000107682","ENSDARG00000107682","5S_rRNA","26"
"363","1:6784901:6785296:6785532:1:ENSDARG00000116636","ENSDARG00000116636","5S_rRNA","2"
"364","1:6792801:6793687:6793761:1:ENSDARG00000116636","ENSDARG00000116636","5S_rRNA","1"
"365","1:6852219:6852400:6852219:-1:ENSDARG00000102217","ENSDARG00000102217","U6","12"
"366","1:6859201:6859546:6859512:1:ENSDARG00000063207","ENSDARG00000063207","erbb4a","2"
"367","1:6860701:6860800:6860813:1:ENSDARG00000063207","ENSDARG00000063207","erbb4a","1"
"368","1:6892101:6892838:6892407:1:ENSDARG00000063207","ENSDARG00000063207","erbb4a","1"
"369","1:6894101:6894870:6894312:1:ENSDARG00000063207","ENSDARG00000063207","erbb4a","1"
"370","1:6896701:6896991:6897032:1:ENSDARG00000063207","ENSDARG00000063207","erbb4a","1"
"371","1:6929801:6930244:6930244:1:ENSDARG00000063207","ENSDARG00000063207","erbb4a","1"
"372","1:6931201:6931380:6931518:1:ENSDARG00000063207","ENSDARG00000063207","erbb4a","12"
"373","1:7083001:7083159:7083269:1:ENSDARG00000117465","ENSDARG00000117465","CABZ01075319.1","1"
"374","1:7177401:7177832:7177622:1:ENSDARG00000117465","ENSDARG00000117465","CABZ01075319.1","2"
"375","1:7197701:7197971:7197927:1:ENSDARG00000117465","ENSDARG00000117465","CABZ01075319.1","4"
"376","1:7209001:7209200:7209283:1:ENSDARG00000117465","ENSDARG00000117465","CABZ01075319.1","4"
"377","1:7288301:7288500:7288516:1:ENSDARG00000090408","ENSDARG00000090408","ERBB4 (1 of many)","5"
"378","1:7312554:7312800:7312570:-1:ENSDARG00000102217","ENSDARG00000102217","U6","5"
"379","1:7323001:7323200:56570342:-1:ENSDARG00000116928","ENSDARG00000116928","CABZ01059408.1","10"
"380","1:7383101:7383568:7383568:1:ENSDARG00000090408","ENSDARG00000090408","ERBB4 (1 of many)","25"
"381","1:7402401:7402498:7402498:1:ENSDARG00000090408","ENSDARG00000090408","ERBB4 (1 of many)","16"
"382","1:7418701:7419119:7419049:1:ENSDARG00000090408","ENSDARG00000090408","ERBB4 (1 of many)","74"
"383","1:7457401:7457489:7457489:1:ENSDARG00000090408","ENSDARG00000090408","ERBB4 (1 of many)","31"
"384","1:7458601:7460102:7460102:1:ENSDARG00000090408","ENSDARG00000090408","ERBB4 (1 of many)","1"
"385","1:7464401:7464655:7464655:1:ENSDARG00000090408","ENSDARG00000090408","ERBB4 (1 of many)","19"
"386","1:7523901:7524651:7524477:1:ENSDARG00000013741","ENSDARG00000013741","lancl1","75"
"387","1:7531232:7531800:7531232:-1:ENSDARG00000021688","ENSDARG00000021688","mxa","3"
"388","1:7532101:7533188:7532700:1:ENSDARG00000013741","ENSDARG00000013741","lancl1","1"
"389","1:7535779:7536300:7535779:-1:ENSDARG00000021688","ENSDARG00000021688","mxa","3"
"390","1:7538901:7540285:7539718:1:ENSDARG00000013741","ENSDARG00000013741","lancl1","1"
"391","1:7549701:7550693:7554357:1:ENSDARG00000017441","ENSDARG00000017441","mylz3","1"
"392","1:7552401:7553179:7552979:1:ENSDARG00000017441","ENSDARG00000017441","mylz3","1"
"393","1:7553501:7553700:7554357:1:ENSDARG00000017441","ENSDARG00000017441","mylz3","1"
"394","1:7553801:7554351:7554351:1:ENSDARG00000017441","ENSDARG00000017441","mylz3","1"
"395","1:7556101:7556243:7556243:1:ENSDARG00000017441","ENSDARG00000017441","mylz3","10"
"396","1:7560401:7561218:7561218,7561010:1:ENSDARG00000037713","ENSDARG00000037713","pcnp","1"
"397","1:7561401:7562176:7561731:1:ENSDARG00000037713","ENSDARG00000037713","pcnp","1"
"398","1:7573997:7574500:7574227:-1:ENSDARG00000004953","ENSDARG00000004953","mxb","5"
"399","1:7607701:7607900:7607949:1:ENSDARG00000037713","ENSDARG00000037713","pcnp","18"
"400","1:7623201:7623357:7623357:1:ENSDARG00000098730","ENSDARG00000098730","en1b","15"
"401","1:7624161:7624500:7624219:-1:ENSDARG00000074050","ENSDARG00000074050","efnb2b","4"
"402","1:7631745:7634800:7631745,7632740:-1:ENSDARG00000074050","ENSDARG00000074050","efnb2b","1"
"403","1:7645560:7646100:7645844:-1:ENSDARG00000074050","ENSDARG00000074050","efnb2b","1"
"404","1:7649531:7650300:7649806:-1:ENSDARG00000018319","ENSDARG00000018319","arglu1b","6"
"405","1:7661615:7663100:7661615,7662091:-1:ENSDARG00000018319","ENSDARG00000018319","arglu1b","1"
"406","1:7663266:7663500:7663266:-1:ENSDARG00000018319","ENSDARG00000018319","arglu1b","17"
"407","1:7665801:7665900:7665779:-1:ENSDARG00000018319","ENSDARG00000018319","arglu1b","12"
"408","1:7673401:7673742:7673742:1:ENSDARG00000098730","ENSDARG00000098730","en1b","10"
"409","1:7682201:7683507:7683373,7683507:1:ENSDARG00000098730","ENSDARG00000098730","en1b","1"
"410","1:7691001:7691144:7691247:1:ENSDARG00000098730","ENSDARG00000098730","en1b","3"
"411","1:7844538:7845100:7844538:-1:ENSDARG00000079779","ENSDARG00000079779","radil","1"
"412","1:7866370:7866900:7866164:-1:ENSDARG00000079779","ENSDARG00000079779","radil","76"
"413","1:7900668:7901500:7900668:-1:ENSDARG00000089090","ENSDARG00000089090","mmd2b","1"
"414","1:7914674:7915100:7914674:-1:ENSDARG00000109652","ENSDARG00000109652","CR855320.4","1"
"415","1:7915302:7915600:7915284:-1:ENSDARG00000109652","ENSDARG00000109652","CR855320.4","1"
"416","1:7915719:7916800:7916110,7916427,7915770:-1:ENSDARG00000109652","ENSDARG00000109652","CR855320.4","1"
"417","1:7918705:7919100:7918705:-1:ENSDARG00000109652","ENSDARG00000109652","CR855320.4","10"
"418","1:7920119:7920400:7920119:-1:ENSDARG00000115288","ENSDARG00000115288","CR855320.6","22"
"419","1:7956501:7956697:7956697:1:ENSDARG00000099359","ENSDARG00000099359","CR855320.1","6"
"420","1:7961401:7961600:7961600:1:ENSDARG00000099359","ENSDARG00000099359","CR855320.1","18"
"421","1:7966552:7967600:7966552:-1:ENSDARG00000092361","ENSDARG00000092361","si:dkey-79f11.7","1"
"422","1:8001866:8002100:8001515:-1:ENSDARG00000107486","ENSDARG00000107486","CR855320.3","4"
"423","1:8003704:8004200:8003975:-1:ENSDARG00000107486","ENSDARG00000107486","CR855320.3","1"
"424","1:8016611:8016900:8016611:-1:ENSDARG00000029720","ENSDARG00000029720","si:dkeyp-9d4.2","77"
"425","1:8017109:8017500:8017109:-1:ENSDARG00000029720","ENSDARG00000029720","si:dkeyp-9d4.2","1"
"426","1:8022322:8023000:8022322:-1:ENSDARG00000100166","ENSDARG00000100166","si:dkeyp-9d4.3","1"
"427","1:8035201:8035300:8035174:-1:ENSDARG00000100166","ENSDARG00000100166","si:dkeyp-9d4.3","78"
"428","1:8039922:8043300:8040184:-1:ENSDARG00000100166","ENSDARG00000100166","si:dkeyp-9d4.3","1"
"429","1:8069327:8069700:8069429:-1:ENSDARG00000100166","ENSDARG00000100166","si:dkeyp-9d4.3","1"
"430","1:8078805:8079300:8078805:-1:ENSDARG00000062929","ENSDARG00000062929","FAM83G","18"
"431","1:8100068:8100400:8100068:-1:ENSDARG00000062929","ENSDARG00000062929","FAM83G","36"
"432","1:8128468:8129500:8128468:-1:ENSDARG00000062929","ENSDARG00000062929","FAM83G","1"
"433","1:8129717:8130600:8129717:-1:ENSDARG00000062929","ENSDARG00000062929","FAM83G","1"
"434","1:8142443:8142600:8142443:-1:ENSDARG00000062929","ENSDARG00000062929","FAM83G","7"
"435","1:8154801:8155122:8155122:1:ENSDARG00000074212","ENSDARG00000074212","SLC5A10","79"
"436","1:8164801:8165370:8165268,8165370:1:ENSDARG00000074212","ENSDARG00000074212","SLC5A10","1"
"437","1:8165208:8165800:8165343:-1:ENSDARG00000022668","ENSDARG00000022668","grapb","1"
"438","1:8228064:8228300:8227995,8227989:-1:ENSDARG00000022668","ENSDARG00000022668","grapb","7"
"439","1:8260701:8260800:8260847:1:ENSDARG00000074212","ENSDARG00000074212","SLC5A10","4"
"440","1:8272501:8273066:8273066:1:ENSDARG00000074212","ENSDARG00000074212","SLC5A10","1"
"441","1:8414501:8414818:8414818:1:ENSDARG00000099708","ENSDARG00000099708","cacna1hb","1"
"442","1:8415061:8415300:8415090:-1:ENSDARG00000025034","ENSDARG00000025034","syngr3b","80"
"443","1:8415985:8417200:8415985:-1:ENSDARG00000025034","ENSDARG00000025034","syngr3b","1"
"444","1:8422109:8422500:8422109:-1:ENSDARG00000025034","ENSDARG00000025034","syngr3b","17"
"445","1:8427390:8428100:8427390:-1:ENSDARG00000025034","ENSDARG00000025034","syngr3b","1"
"446","1:8501301:8501400:8501254:-1:ENSDARG00000096583","ENSDARG00000096583","AL928835.1","4"
"447","1:8503196:8503500:8503196:-1:ENSDARG00000096583","ENSDARG00000096583","AL928835.1","15"
"448","1:8503701:8503915:8503915:1:ENSDARG00000078474","ENSDARG00000078474","myo15ab","1"
"449","1:8505701:8505800:8505617:-1:ENSDARG00000096583","ENSDARG00000096583","AL928835.1","81"
"450","1:8507009:8507300:8507024:-1:ENSDARG00000096583","ENSDARG00000096583","AL928835.1","1"
"451","1:8507401:8507743:8507743:1:ENSDARG00000078474","ENSDARG00000078474","myo15ab","24"
"452","1:8511701:8511900:8516594,8516588:1:ENSDARG00000063003","ENSDARG00000063003","alkbh5","13"
"453","1:8516201:8518256:8517560,8516594:1:ENSDARG00000063003","ENSDARG00000063003","alkbh5","1"
"454","1:8518901:8519704:8519291:1:ENSDARG00000063003","ENSDARG00000063003","alkbh5","1"
"455","1:8528801:8529365:8528971:1:ENSDARG00000002377","ENSDARG00000002377","mief2","1"
"456","1:8531201:8531993:8531993:1:ENSDARG00000002377","ENSDARG00000002377","mief2","1"
"457","1:8532301:8533839:8533463:1:ENSDARG00000002377","ENSDARG00000002377","mief2","1"
"458","1:8533126:8533700:8533246,8533126,8533191:-1:ENSDARG00000037739","ENSDARG00000037739","zgc:112980","2"
"459","1:8533862:8534300:8533862:-1:ENSDARG00000037739","ENSDARG00000037739","zgc:112980","3"
"460","1:8537524:8538600:8537524:-1:ENSDARG00000037739","ENSDARG00000037739","zgc:112980","1"
"461","1:8539674:8540200:8539912:-1:ENSDARG00000037739","ENSDARG00000037739","zgc:112980","1"
"462","1:8539701:8540071:8540043,8540071,8540062:1:ENSDARG00000015803","ENSDARG00000015803","smcr8b","1"
"463","1:8555330:8555700:8555330:-1:ENSDARG00000076176","ENSDARG00000076176","ptcd1","82"
"464","1:8556917:8557200:8555330:-1:ENSDARG00000076176","ENSDARG00000076176","ptcd1","83"
"465","1:8558908:8559400:8558908,8555324,8555330:-1:ENSDARG00000076176","ENSDARG00000076176","ptcd1","9"
"466","1:8559523:8559900:8555324:-1:ENSDARG00000076176","ENSDARG00000076176","ptcd1","15"
"467","1:8590301:8590633:8590633:1:ENSDARG00000096599","ENSDARG00000096599","AL928650.3","1"
"468","1:8596701:8597015:8597015:1:ENSDARG00000100771","ENSDARG00000100771","si:ch211-160d14.15","6"
"469","1:8611601:8612388:8612388:1:ENSDARG00000079873","ENSDARG00000079873","si:ch211-160d14.6","1"
"470","1:8612601:8612800:8612575:-1:ENSDARG00000079332","ENSDARG00000079332","AL928650.1","1"
"471","1:8615601:8615800:8615544:-1:ENSDARG00000079332","ENSDARG00000079332","AL928650.1","10"
"472","1:8638149:8639200:8638149:-1:ENSDARG00000007443","ENSDARG00000007443","fbxl18","1"
"473","1:8639801:8640000:8638149:-1:ENSDARG00000007443","ENSDARG00000007443","fbxl18","12"
"474","1:8649105:8650600:8649105:-1:ENSDARG00000037746","ENSDARG00000037746","actb1","1"
"475","1:8664401:8664600:8664645:1:ENSDARG00000037747","ENSDARG00000037747","fscn1b","6"
"476","1:8669901:8670486:8670486:1:ENSDARG00000037747","ENSDARG00000037747","fscn1b","1"
"477","1:8673066:8673400:8673066,8672853:-1:ENSDARG00000079361","ENSDARG00000079361","abcg2b","1"
"478","1:8698501:8699038:8699032,8699027,8699038:1:ENSDARG00000012458","ENSDARG00000012458","zgc:77849","84"
"479","1:8700501:8700813:8701104:1:ENSDARG00000012458","ENSDARG00000012458","zgc:77849","85"
"480","1:8701401:8702683:8702683:1:ENSDARG00000012458","ENSDARG00000012458","zgc:77849","1"
"481","1:8703501:8703700:8703701:1:ENSDARG00000012458","ENSDARG00000012458","zgc:77849","17"
"482","1:8763720:8766200:8763720,8764095:-1:ENSDARG00000070543","ENSDARG00000070543","grin2ab","1"
"483","1:8836901:8837498:8837528:1:ENSDARG00000094298","ENSDARG00000094298","CT573178.1","1"
"484","1:8844363:8845100:8844229:-1:ENSDARG00000070543","ENSDARG00000070543","grin2ab","1"
"485","1:8883034:8883200:8883034:-1:ENSDARG00000089873","ENSDARG00000089873","socs1b","14"
"486","1:8888522:8888700:8888522:-1:ENSDARG00000089873","ENSDARG00000089873","socs1b","5"
"487","1:8950315:8950700:8950315:-1:ENSDARG00000089873","ENSDARG00000089873","socs1b","25"
"488","1:8961004:8961200:8961004,8961020:-1:ENSDARG00000089873","ENSDARG00000089873","socs1b","3"
"489","1:8968127:8968500:8968279:-1:ENSDARG00000089873","ENSDARG00000089873","socs1b","1"
"490","1:8968858:8970200:8968858,8968994:-1:ENSDARG00000093438","ENSDARG00000093438","CU467110.1","1"
"491","1:8978904:8979300:8978904:-1:ENSDARG00000094206","ENSDARG00000094206","si:ch73-191k20.3","1"
"492","1:8990301:8990946:8990539,8990544:1:ENSDARG00000037758","ENSDARG00000037758","tlr2","1"
"493","1:9014401:9014755:9014755:1:ENSDARG00000037758","ENSDARG00000037758","tlr2","1"
"494","1:9015701:9015854:9015854:1:ENSDARG00000037758","ENSDARG00000037758","tlr2","8"
"495","1:9039601:9039800:9039548:-1:ENSDARG00000094206","ENSDARG00000094206","si:ch73-191k20.3","5"
"496","1:9052601:9052994:9053400:1:ENSDARG00000008723","ENSDARG00000008723","prkcba","10"
"497","1:9064401:9064887:9064766,9064907,9064754:1:ENSDARG00000008723","ENSDARG00000008723","prkcba","86"
"498","1:9066801:9068034:9068034,9067561:1:ENSDARG00000008723","ENSDARG00000008723","prkcba","1"
"499","1:9075701:9076283:9076232,9076012:1:ENSDARG00000110570","ENSDARG00000110570","BX004779.2","17"
"500","1:9077801:9078513:9078513:1:ENSDARG00000110570","ENSDARG00000110570","BX004779.2","1"
"501","1:9096501:9096700:9096746:1:ENSDARG00000058460","ENSDARG00000058460","cacng3a","5"
"502","1:9098301:9098500:9098524:1:ENSDARG00000058460","ENSDARG00000058460","cacng3a","18"
"503","1:9098601:9098800:9098866:1:ENSDARG00000058460","ENSDARG00000058460","cacng3a","17"
"504","1:9100450:9100900:9100450:-1:ENSDARG00000088975","ENSDARG00000088975","si:ch211-14k19.8","1"
"505","1:9102901:9103162:9103255:1:ENSDARG00000058460","ENSDARG00000058460","cacng3a","16"
"506","1:9103301:9103600:9100450:-1:ENSDARG00000088975","ENSDARG00000088975","si:ch211-14k19.8","7"
"507","1:9117058:9117500:9117126:-1:ENSDARG00000058463","ENSDARG00000058463","ndufab1a","22"
"508","1:9118106:9118600:9118106:-1:ENSDARG00000058463","ENSDARG00000058463","ndufab1a","1"
"509","1:9121301:9121800:9118106:-1:ENSDARG00000058463","ENSDARG00000058463","ndufab1a","1"
"510","1:9123201:9123500:9118106:-1:ENSDARG00000058463","ENSDARG00000058463","ndufab1a","11"
"511","1:9125011:9125500:9125011:-1:ENSDARG00000076716","ENSDARG00000076716","palb2","1"
"512","1:9125601:9125700:9125011,9125003:-1:ENSDARG00000076716","ENSDARG00000076716","palb2","8"
"513","1:9137451:9137700:9137466,9137451:-1:ENSDARG00000076716","ENSDARG00000076716","palb2","22"
"514","1:9145301:9145894:9145894:1:ENSDARG00000058464","ENSDARG00000058464","rasd3","1"
"515","1:9158201:9158359:9161758,9161834:1:ENSDARG00000058471","ENSDARG00000058471","plk1","6"
"516","1:9161101:9161840:9161758,9161834,9161840:1:ENSDARG00000058471","ENSDARG00000058471","plk1","1"
"517","1:9163101:9163769:9163769:1:ENSDARG00000058471","ENSDARG00000058471","plk1","4"
"518","1:9163846:9164400:9163846,9163965:-1:ENSDARG00000058475","ENSDARG00000058475","ern2","1"
"519","1:9167780:9168400:9168087:-1:ENSDARG00000058475","ENSDARG00000058475","ern2","1"
"520","1:9169716:9169900:9169390,9169397,9169716:-1:ENSDARG00000058475","ENSDARG00000058475","ern2","6"
"521","1:9171401:9171600:9171344:-1:ENSDARG00000058475","ENSDARG00000058475","ern2","10"
"522","1:9223601:9223694:9227148:1:ENSDARG00000058480","ENSDARG00000058480","chtf18","87"
"523","1:9225401:9225600:9227148:1:ENSDARG00000058480","ENSDARG00000058480","chtf18","2"
"524","1:9226701:9227202:9227148,9227202:1:ENSDARG00000058480","ENSDARG00000058480","chtf18","1"
"525","1:9227084:9227500:9227084:-1:ENSDARG00000024740","ENSDARG00000024740","gng13a","1"
"526","1:9227601:9227800:9227084:-1:ENSDARG00000024740","ENSDARG00000024740","gng13a","1"
"527","1:9230244:9230900:9230244:-1:ENSDARG00000101597","ENSDARG00000101597","si:dkeyp-57d7.4","1"
"528","1:9230401:9230676:9230676:1:ENSDARG00000058480","ENSDARG00000058480","chtf18","31"
"529","1:9236001:9236587:9236522:1:ENSDARG00000058480","ENSDARG00000058480","chtf18","38"
"530","1:9237101:9237293:9237293:1:ENSDARG00000058480","ENSDARG00000058480","chtf18","88"
"531","1:9251649:9252100:9251592:-1:ENSDARG00000063169","ENSDARG00000063169","ubn1","1"
"532","1:9293301:9294111:9294111:1:ENSDARG00000037760","ENSDARG00000037760","uncx4.1","1"
"533","1:9301201:9301633:9301633:1:ENSDARG00000037760","ENSDARG00000037760","uncx4.1","1"
"534","1:9306801:9307000:9306647:-1:ENSDARG00000117314","ENSDARG00000117314","AL954703.1","89"
"535","1:9383732:9384600:9383759:-1:ENSDARG00000117314","ENSDARG00000117314","AL954703.1","23"
"536","1:9390901:9391193:9391193:1:ENSDARG00000037760","ENSDARG00000037760","uncx4.1","90"
"537","1:9453954:9454100:9453954,9453961,9453867:-1:ENSDARG00000017834","ENSDARG00000017834","micall2b","9"
"538","1:9461583:9462200:9461583:-1:ENSDARG00000017834","ENSDARG00000017834","micall2b","1"
"539","1:9487396:9487900:9487396:-1:ENSDARG00000074282","ENSDARG00000074282","si:ch73-12o23.1","2"
"540","1:9498301:9498400:9498228:-1:ENSDARG00000074282","ENSDARG00000074282","si:ch73-12o23.1","91"
"541","1:9499652:9500300:9499652:-1:ENSDARG00000074282","ENSDARG00000074282","si:ch73-12o23.1","1"
"542","1:9501008:9501500:9501008:-1:ENSDARG00000074282","ENSDARG00000074282","si:ch73-12o23.1","4"
"543","1:9571601:9571800:9571810:1:ENSDARG00000074372","ENSDARG00000074372","elfn1b","5"
"544","1:9594901:9595243:9595243:1:ENSDARG00000074372","ENSDARG00000074372","elfn1b","1"
"545","1:9615601:9615857:9615857:1:ENSDARG00000074372","ENSDARG00000074372","elfn1b","4"
"546","1:9625763:9626100:9625924:-1:ENSDARG00000104203","ENSDARG00000104203","ugt5b5","7"
"547","1:9629265:9629500:9629265:-1:ENSDARG00000101495","ENSDARG00000101495","ugt5b2","5"
"548","1:9629726:9629800:9629726:-1:ENSDARG00000101495","ENSDARG00000101495","ugt5b2","11"
"549","1:9630997:9631800:9630997:-1:ENSDARG00000091916","ENSDARG00000091916","ugt5b4","1"
"550","1:9635488:9636500:9635905,9635829,9635488:-1:ENSDARG00000099276","ENSDARG00000099276","ugt5b3","1"
"551","1:9642519:9643500:9642851,9642519,9642287:-1:ENSDARG00000101495","ENSDARG00000101495","ugt5b2","1"
"552","1:9644895:9645600:9644895:-1:ENSDARG00000104995","ENSDARG00000104995","ugt5b1","1"
"553","1:9650323:9650900:9650323:-1:ENSDARG00000104995","ENSDARG00000104995","ugt5b1","1"
"554","1:9665901:9666547:9666352:1:ENSDARG00000074372","ENSDARG00000074372","elfn1b","1"
"555","1:9669901:9670292:9670292:1:ENSDARG00000074372","ENSDARG00000074372","elfn1b","1"
"556","1:9672601:9672900:9672923:1:ENSDARG00000074372","ENSDARG00000074372","elfn1b","1"
"557","1:9690501:9691121:9691121:1:ENSDARG00000074372","ENSDARG00000074372","elfn1b","1"
"558","1:9695301:9695504:9695504:1:ENSDARG00000074372","ENSDARG00000074372","elfn1b","21"
"559","1:9715001:9715453:9715453:1:ENSDARG00000074372","ENSDARG00000074372","elfn1b","1"
"560","1:9717201:9717574:9717626:1:ENSDARG00000074372","ENSDARG00000074372","elfn1b","28"
"561","1:9734801:9734900:9734794:-1:ENSDARG00000033852","ENSDARG00000033852","mad1l1","10"
"562","1:9735952:9736400:9736004,9735684,9735994:-1:ENSDARG00000033852","ENSDARG00000033852","mad1l1","13"
"563","1:9736501:9736600:9736422:-1:ENSDARG00000033852","ENSDARG00000033852","mad1l1","3"
"564","1:9737608:9738100:9737608:-1:ENSDARG00000033852","ENSDARG00000033852","mad1l1","1"
"565","1:9739374:9740400:9739871:-1:ENSDARG00000033852","ENSDARG00000033852","mad1l1","1"
"566","1:9740804:9741400:9740804:-1:ENSDARG00000033852","ENSDARG00000033852","mad1l1","1"
"567","1:9760329:9760600:9760329:-1:ENSDARG00000033852","ENSDARG00000033852","mad1l1","7"
"568","1:9770505:9771100:9770601:-1:ENSDARG00000033852","ENSDARG00000033852","mad1l1","1"
"569","1:9770601:9770742:9770742:1:ENSDARG00000074372","ENSDARG00000074372","elfn1b","92"
"570","1:9772301:9772500:9772670:1:ENSDARG00000074372","ENSDARG00000074372","elfn1b","12"
"571","1:9784001:9784400:9740804:-1:ENSDARG00000033852","ENSDARG00000033852","mad1l1","93"
"572","1:9789250:9789400:9789257:-1:ENSDARG00000033852","ENSDARG00000033852","mad1l1","6"
"573","1:9845801:9846184:9846117:1:ENSDARG00000037654","ENSDARG00000037654","pmm2","94"
"574","1:9850908:9851500:9851096:-1:ENSDARG00000037652","ENSDARG00000037652","zgc:56409","1"
"575","1:9863001:9863212:9866838:1:ENSDARG00000037654","ENSDARG00000037654","pmm2","6"
"576","1:9865301:9865600:9866838:1:ENSDARG00000037654","ENSDARG00000037654","pmm2","3"
"577","1:9865801:9866000:9866838:1:ENSDARG00000037654","ENSDARG00000037654","pmm2","9"
"578","1:9866109:9866400:9866109:-1:ENSDARG00000037652","ENSDARG00000037652","zgc:56409","7"
"579","1:9866401:9866838:9866838:1:ENSDARG00000037654","ENSDARG00000037654","pmm2","1"
"580","1:9867801:9869749:9869402:1:ENSDARG00000037654","ENSDARG00000037654","pmm2","1"
"581","1:9869477:9870300:9869477:-1:ENSDARG00000037652","ENSDARG00000037652","zgc:56409","1"
"582","1:9873501:9873907:9873907:1:ENSDARG00000037654","ENSDARG00000037654","pmm2","12"
"583","1:9894301:9894500:9894559:1:ENSDARG00000037646","ENSDARG00000037646","rgs11","9"
"584","1:9900301:9900352:9900352:1:ENSDARG00000037646","ENSDARG00000037646","rgs11","7"
"585","1:9907001:9907200:9906930:-1:ENSDARG00000032795","ENSDARG00000032795","tmem8a","12"
"586","1:9914101:9914628:9914628,9914561:1:ENSDARG00000037646","ENSDARG00000037646","rgs11","1"
"587","1:9916378:9917100:9916378:-1:ENSDARG00000032795","ENSDARG00000032795","tmem8a","1"
"588","1:9961301:9961555:9964764:1:ENSDARG00000018263","ENSDARG00000018263","pdia2","2"
"589","1:9999901:10000361:10000361:1:ENSDARG00000079043","ENSDARG00000079043","si:dkeyp-75b4.10","1"
"590","1:10004201:10004589:10004589:1:ENSDARG00000079043","ENSDARG00000079043","si:dkeyp-75b4.10","1"
"591","1:10012401:10012700:10012702:1:ENSDARG00000079043","ENSDARG00000079043","si:dkeyp-75b4.10","2"
"592","1:10022401:10023044:10022867:1:ENSDARG00000076174","ENSDARG00000076174","trim2b","5"
"593","1:10034601:10035950:10035907:1:ENSDARG00000076174","ENSDARG00000076174","trim2b","1"
"594","1:10037447:10038100:10037447:-1:ENSDARG00000037647","ENSDARG00000037647","rnf175","1"
"595","1:10040201:10040300:10037447:-1:ENSDARG00000037647","ENSDARG00000037647","rnf175","12"
"596","1:10054301:10054648:10054711:1:ENSDARG00000008969","ENSDARG00000008969","fgb","1"
"597","1:10056201:10056400:10059431:1:ENSDARG00000008969","ENSDARG00000008969","fgb","9"
"598","1:10057701:10058100:10059431,10059495:1:ENSDARG00000008969","ENSDARG00000008969","fgb","1"
"599","1:10058901:10059495:10059431,10059495:1:ENSDARG00000008969","ENSDARG00000008969","fgb","1"
"600","1:10059901:10060640:10060640:1:ENSDARG00000008969","ENSDARG00000008969","fgb","1"
"601","1:10061786:10062400:10061786:-1:ENSDARG00000020741","ENSDARG00000020741","fga","1"
"602","1:10066102:10068000:10066102:-1:ENSDARG00000020741","ENSDARG00000020741","fga","1"
"603","1:10094201:10094400:10101227:1:ENSDARG00000104660","ENSDARG00000104660","si:ch73-132f6.5","4"
"604","1:10096801:10097000:10101227:1:ENSDARG00000104660","ENSDARG00000104660","si:ch73-132f6.5","5"
"605","1:10098501:10098600:10101227:1:ENSDARG00000104660","ENSDARG00000104660","si:ch73-132f6.5","9"
"606","1:10100801:10101252:10101227,10101252:1:ENSDARG00000104660","ENSDARG00000104660","si:ch73-132f6.5","1"
"607","1:10103801:10104000:10103770:-1:ENSDARG00000020741","ENSDARG00000020741","fga","20"
"608","1:10108801:10109262:10109235,10109262:1:ENSDARG00000096594","ENSDARG00000096594","lratb.1","95"
"609","1:10110101:10110200:10110067:-1:ENSDARG00000020741","ENSDARG00000020741","fga","96"
"610","1:10110501:10111167:10113188:1:ENSDARG00000096594","ENSDARG00000096594","lratb.1","11"
"611","1:10112701:10113188:10113188:1:ENSDARG00000096594","ENSDARG00000096594","lratb.1","1"
"612","1:10118901:10119507:10124194:1:ENSDARG00000077652","ENSDARG00000077652","lratb.2","28"
"613","1:10123601:10124194:10124194:1:ENSDARG00000077652","ENSDARG00000077652","lratb.2","1"
"614","1:10137301:10137400:10137447:1:ENSDARG00000079452","ENSDARG00000079452","rbm46","17"
"615","1:10238201:10238698:10238698:1:ENSDARG00000089943","ENSDARG00000089943","npy2rl","3"
"616","1:10239901:10240442:10240442,10240348:1:ENSDARG00000089943","ENSDARG00000089943","npy2rl","1"
"617","1:10247601:10247700:10247713:1:ENSDARG00000089943","ENSDARG00000089943","npy2rl","2"
"618","1:10273601:10273800:10273598:-1:ENSDARG00000096536","ENSDARG00000096536","CR854964.1","4"
"619","1:10297001:10297166:10304038:1:ENSDARG00000077533","ENSDARG00000077533","eif3f","3"
"620","1:10297301:10297500:10304038:1:ENSDARG00000077533","ENSDARG00000077533","eif3f","12"
"621","1:10298501:10298700:10304038,10298837:1:ENSDARG00000077533","ENSDARG00000077533","eif3f","97"
"622","1:10299401:10300000:10304038:1:ENSDARG00000077533","ENSDARG00000077533","eif3f","1"
"623","1:10302301:10302700:10304038:1:ENSDARG00000077533","ENSDARG00000077533","eif3f","1"
"624","1:10303501:10304038:10304038:1:ENSDARG00000077533","ENSDARG00000077533","eif3f","1"
"625","1:10314701:10315272:10315205,10315272:1:ENSDARG00000030563","ENSDARG00000030563","zgc:77880","1"
"626","1:10324501:10325995:10325713:1:ENSDARG00000026387","ENSDARG00000026387","pip4p1b","1"
"627","1:10328202:10328800:10328202,10328618:-1:ENSDARG00000070495","ENSDARG00000070495","FRMD7","1"
"628","1:10351901:10352100:10352122:1:ENSDARG00000084766","ENSDARG00000084766","5S_rRNA","2"
"629","1:10354201:10354453:10354453:1:ENSDARG00000084766","ENSDARG00000084766","5S_rRNA","15"
"630","1:10373001:10373381:10373304:1:ENSDARG00000084766","ENSDARG00000084766","5S_rRNA","7"
"631","1:10382801:10383584:10383244:1:ENSDARG00000084766","ENSDARG00000084766","5S_rRNA","1"
"632","1:10403901:10404237:10404160:1:ENSDARG00000084766","ENSDARG00000084766","5S_rRNA","1"
"633","1:10406301:10406500:10406578:1:ENSDARG00000034785","ENSDARG00000034785","dachb","13"
"634","1:10431701:10432263:10432158:1:ENSDARG00000034785","ENSDARG00000034785","dachb","1"
"635","1:10437001:10437506:10437611:1:ENSDARG00000034785","ENSDARG00000034785","dachb","1"
"636","1:10450101:10450390:10450390:1:ENSDARG00000034785","ENSDARG00000034785","dachb","98"
"637","1:10477738:10478500:10477738:-1:ENSDARG00000070504","ENSDARG00000070504","trpc5a","1"
"638","1:10569701:10569882:10569875:1:ENSDARG00000034785","ENSDARG00000034785","dachb","39"
"639","1:10627924:10628300:10627924,10628004:-1:ENSDARG00000062057,ENSDARG00000070504","ENSDARG00000062057,ENSDARG00000070504","zgc:174945,trpc5a","99"
"640","1:10642502:10642800:10642502:-1:ENSDARG00000067992","ENSDARG00000067992","si:dkey-31e10.1","100"
"641","1:10672001:10672300:10672001,10671996:-1:ENSDARG00000096564","ENSDARG00000096564","CU915827.1","1"
"642","1:10684001:10684200:10696587:1:ENSDARG00000037679","ENSDARG00000037679","zgc:103678","15"
"643","1:10688701:10688800:10696587:1:ENSDARG00000037679","ENSDARG00000037679","zgc:103678","20"
"644","1:10692001:10692200:10696587,10692371:1:ENSDARG00000037679","ENSDARG00000037679","zgc:103678","6"
"645","1:10696201:10696587:10696587:1:ENSDARG00000037679","ENSDARG00000037679","zgc:103678","1"
"646","1:10697901:10699739:10699267,10699739:1:ENSDARG00000037679","ENSDARG00000037679","zgc:103678","1"
"647","1:10702001:10702253:10702379:1:ENSDARG00000037679","ENSDARG00000037679","zgc:103678","16"
"648","1:10704801:10704968:10705065:1:ENSDARG00000037679","ENSDARG00000037679","zgc:103678","101"
"649","1:10729101:10729491:10729456:1:ENSDARG00000076833","ENSDARG00000076833","atp1b1b","1"
"650","1:10743201:10743400:10743408:1:ENSDARG00000076833","ENSDARG00000076833","atp1b1b","20"
"651","1:10744901:10745261:10745310:1:ENSDARG00000076833","ENSDARG00000076833","atp1b1b","102"
"652","1:10777001:10777100:10778295:1:ENSDARG00000012297","ENSDARG00000012297","cnga3b","6"
"653","1:10778101:10778295:10778295:1:ENSDARG00000012297","ENSDARG00000012297","cnga3b","13"
"654","1:10778801:10779039:10779019:1:ENSDARG00000012297","ENSDARG00000012297","cnga3b","1"
"655","1:10779901:10780388:10780388:1:ENSDARG00000012297","ENSDARG00000012297","cnga3b","1"
"656","1:10783671:10783900:10783671:-1:ENSDARG00000087107","ENSDARG00000087107","si:ch73-222h13.1","103"
"657","1:10786901:10787000:10783671,10783676:-1:ENSDARG00000087107","ENSDARG00000087107","si:ch73-222h13.1","104"
"658","1:10808242:10808700:10808252,10808242:-1:ENSDARG00000099342","ENSDARG00000099342","crfb15","105"
"659","1:10822032:10823100:10822256:-1:ENSDARG00000008487","ENSDARG00000008487","dmd","1"
"660","1:10824345:10825400:10824658,10824345:-1:ENSDARG00000008487","ENSDARG00000008487","dmd","1"
"661","1:10826701:10826900:10826646:-1:ENSDARG00000008487","ENSDARG00000008487","dmd","4"
"662","1:10828501:10828700:10824658:-1:ENSDARG00000008487","ENSDARG00000008487","dmd","1"
"663","1:10834701:10834900:10824658:-1:ENSDARG00000008487","ENSDARG00000008487","dmd","1"
"664","1:10837177:10838000:10837177:-1:ENSDARG00000008487","ENSDARG00000008487","dmd","1"
"665","1:10841101:10841400:10824654:-1:ENSDARG00000008487","ENSDARG00000008487","dmd","32"
"666","1:10847621:10847800:10824654:-1:ENSDARG00000008487","ENSDARG00000008487","dmd","1"
"667","1:10882463:10882800:10882510:-1:ENSDARG00000008487","ENSDARG00000008487","dmd","2"
"668","1:10890501:10890600:10890456:-1:ENSDARG00000008487","ENSDARG00000008487","dmd","2"
"669","1:10898151:10898600:10898450:-1:ENSDARG00000008487","ENSDARG00000008487","dmd","11"
"670","1:10898201:10898569:10898500:1:ENSDARG00000012297","ENSDARG00000012297","cnga3b","35"
"671","1:10906215:10907200:10906041,10906051:-1:ENSDARG00000008487","ENSDARG00000008487","dmd","1"
"672","1:10924209:10925200:10924456,10924192:-1:ENSDARG00000008487","ENSDARG00000008487","dmd","2"
"673","1:10936701:10936800:10936683:-1:ENSDARG00000008487","ENSDARG00000008487","dmd","9"
"674","1:10939459:10940700:10940002:-1:ENSDARG00000008487","ENSDARG00000008487","dmd","1"
"675","1:10941323:10943400:10941713,10941778:-1:ENSDARG00000008487","ENSDARG00000008487","dmd","1"
"676","1:10975851:10976200:10975851:-1:ENSDARG00000008487","ENSDARG00000008487","dmd","1"
"677","1:10993454:10994100:10993720,10993287:-1:ENSDARG00000100507","ENSDARG00000100507","5S_rRNA","1"
"678","1:11017401:11017600:11017349:-1:ENSDARG00000100507","ENSDARG00000100507","5S_rRNA","106"
"679","1:11041815:11042000:11041815:-1:ENSDARG00000100507","ENSDARG00000100507","5S_rRNA","5"
"680","1:11044999:11045300:11045020:-1:ENSDARG00000100507","ENSDARG00000100507","5S_rRNA","1"
"681","1:11061331:11061600:11061331:-1:ENSDARG00000100507","ENSDARG00000100507","5S_rRNA","1"
"682","1:11086956:11087600:11086980:-1:ENSDARG00000070239","ENSDARG00000070239","knl1","1"
"683","1:11089401:11089600:11086980,11086961:-1:ENSDARG00000070239","ENSDARG00000070239","knl1","13"
"684","1:11091501:11091700:11086980:-1:ENSDARG00000070239","ENSDARG00000070239","knl1","22"
"685","1:11091801:11092000:11086980:-1:ENSDARG00000070239","ENSDARG00000070239","knl1","5"
"686","1:11117301:11117932:11117932:1:ENSDARG00000074379","ENSDARG00000074379","knstrn","1"
"687","1:11120980:11121700:11120980:-1:ENSDARG00000062854","ENSDARG00000062854","sdk1b","1"
"688","1:11135901:11136100:11135880:-1:ENSDARG00000062854","ENSDARG00000062854","sdk1b","10"
"689","1:11171601:11171800:11171520:-1:ENSDARG00000062854","ENSDARG00000062854","sdk1b","39"
"690","1:11175633:11175900:11175633:-1:ENSDARG00000062854","ENSDARG00000062854","sdk1b","33"
"691","1:11179442:11179600:11179442:-1:ENSDARG00000062854","ENSDARG00000062854","sdk1b","2"
"692","1:11204101:11204318:11204318:1:ENSDARG00000074379","ENSDARG00000074379","knstrn","1"
"693","1:11205301:11205583:11205583:1:ENSDARG00000074379","ENSDARG00000074379","knstrn","13"
"694","1:11252601:11252800:11252590:-1:ENSDARG00000062854","ENSDARG00000062854","sdk1b","4"
"695","1:11254396:11254800:11254583:-1:ENSDARG00000062854","ENSDARG00000062854","sdk1b","107"
"696","1:11392332:11392700:11392332:-1:ENSDARG00000062854","ENSDARG00000062854","sdk1b","1"
"697","1:11393401:11393700:11393400:-1:ENSDARG00000062854","ENSDARG00000062854","sdk1b","11"
"698","1:11409701:11409887:11409887:1:ENSDARG00000112849","ENSDARG00000112849","5S_rRNA","6"
"699","1:11415773:11416400:11415881:-1:ENSDARG00000062854","ENSDARG00000062854","sdk1b","1"
"700","1:11444935:11445100:11444935:-1:ENSDARG00000062854","ENSDARG00000062854","sdk1b","5"
"701","1:11465522:11466100:11465522:-1:ENSDARG00000062854","ENSDARG00000062854","sdk1b","16"
"702","1:11467243:11467700:11467243:-1:ENSDARG00000062854","ENSDARG00000062854","sdk1b","32"
"703","1:11468208:11468400:11468220,11468208:-1:ENSDARG00000092242","ENSDARG00000092242","si:dkey-26i13.7","3"
"704","1:11531116:11531400:11531136:-1:ENSDARG00000092242","ENSDARG00000092242","si:dkey-26i13.7","2"
"705","1:11549701:11549800:11549815:1:ENSDARG00000113410","ENSDARG00000113410","5S_rRNA","9"
"706","1:11605701:11606000:11605671:-1:ENSDARG00000092200","ENSDARG00000092200","si:dkey-26i13.6","1"
"707","1:11614934:11615200:11614934:-1:ENSDARG00000093636","ENSDARG00000093636","si:dkey-26i13.5","1"
"708","1:11626001:11626100:11625913:-1:ENSDARG00000095482","ENSDARG00000095482","si:dkey-26i13.3","108"
"709","1:11670879:11671500:11670879:-1:ENSDARG00000062585","ENSDARG00000062585","brat1","1"
"710","1:11671901:11672090:11672090:1:ENSDARG00000037619","ENSDARG00000037619","BX569798.1","10"
"711","1:11674101:11674300:11674303:1:ENSDARG00000037619","ENSDARG00000037619","BX569798.1","26"
"712","1:11674372:11674600:11674372:-1:ENSDARG00000062585","ENSDARG00000062585","brat1","9"
"713","1:11684539:11685600:11684767,11684776,11684760:-1:ENSDARG00000062585","ENSDARG00000062585","brat1","1"
"714","1:11701901:11702000:11702042:1:ENSDARG00000074213","ENSDARG00000074213","eif3bb","4"
"715","1:11709401:11710200:11710200:1:ENSDARG00000074213","ENSDARG00000074213","eif3bb","3"
"716","1:11710801:11710900:11711034:1:ENSDARG00000074213","ENSDARG00000074213","eif3bb","14"
"717","1:11732701:11733309:11733309:1:ENSDARG00000062606","ENSDARG00000062606","si:dkey-26i13.8","1"
"718","1:11737401:11737691:11737739:1:ENSDARG00000077198","ENSDARG00000077198","chst12b","8"
"719","1:11746101:11746200:11746255:1:ENSDARG00000077198","ENSDARG00000077198","chst12b","12"
"720","1:11763901:11764000:11763839:-1:ENSDARG00000007678","ENSDARG00000007678","ttyh3b","2"
"721","1:11771819:11772300:11771889,11771943:-1:ENSDARG00000007678","ENSDARG00000007678","ttyh3b","109"
"722","1:11777468:11777900:11777747:-1:ENSDARG00000007678","ENSDARG00000007678","ttyh3b","2"
"723","1:11780609:11780900:11780609,11780544:-1:ENSDARG00000007678","ENSDARG00000007678","ttyh3b","7"
"724","1:11781259:11784400:11781546,11781259,11782321,11781289:-1:ENSDARG00000007678","ENSDARG00000007678","ttyh3b","1"
"725","1:11787629:11787900:11787741:-1:ENSDARG00000007678","ENSDARG00000007678","ttyh3b","5"
"726","1:11792933:11793900:11792933:-1:ENSDARG00000007678","ENSDARG00000007678","ttyh3b","1"
"727","1:11854713:11855400:11854847:-1:ENSDARG00000089930","ENSDARG00000089930","iqce","1"
"728","1:11896601:11896851:11896851:1:ENSDARG00000078057","ENSDARG00000078057","snx8b","4"
"729","1:11899501:11900421:11900421:1:ENSDARG00000078057","ENSDARG00000078057","snx8b","1"
"730","1:11900333:11901000:11900258,11900689:-1:ENSDARG00000070448","ENSDARG00000070448","grk4","1"
"731","1:11902180:11903300:11902582,11902421:-1:ENSDARG00000070448","ENSDARG00000070448","grk4","1"
"732","1:11904371:11905000:11904376,11904371:-1:ENSDARG00000070448","ENSDARG00000070448","grk4","1"
"733","1:11905827:11908000:11905827,11907629:-1:ENSDARG00000070448","ENSDARG00000070448","grk4","1"
"734","1:11911601:11911900:11907629:-1:ENSDARG00000070448","ENSDARG00000070448","grk4","8"
"735","1:11912520:11913000:11907629:-1:ENSDARG00000070448","ENSDARG00000070448","grk4","3"
"736","1:11913101:11913200:11907629:-1:ENSDARG00000070448","ENSDARG00000070448","grk4","110"
"737","1:11915189:11915400:11915054:-1:ENSDARG00000070448","ENSDARG00000070448","grk4","33"
"738","1:11924134:11924200:11924134:-1:ENSDARG00000070448","ENSDARG00000070448","grk4","17"
"739","1:11986301:11986633:11986633:1:ENSDARG00000070449","ENSDARG00000070449","tspan5b","111"
"740","1:11993701:11994317:11994054,11994317:1:ENSDARG00000070449","ENSDARG00000070449","tspan5b","1"
"741","1:11998501:11999843:11999843:1:ENSDARG00000070449","ENSDARG00000070449","tspan5b","1"
"742","1:12043801:12044387:12044387:1:ENSDARG00000042988","ENSDARG00000042988","slc24a2","1"
"743","1:12057601:12058623:12058623,12058440:1:ENSDARG00000070452","ENSDARG00000070452","saraf","1"
"744","1:12059004:12059500:12059061,12059004:-1:ENSDARG00000070454","ENSDARG00000070454","pla2g12a","5"
"745","1:12079401:12079985:12079985,12080001:1:ENSDARG00000038114","ENSDARG00000038114","xpa","1"
"746","1:12089701:12090101:12089935:1:ENSDARG00000038114","ENSDARG00000038114","xpa","2"
"747","1:12097501:12098560:12098560,12098555:1:ENSDARG00000038114","ENSDARG00000038114","xpa","1"
"748","1:12105489:12108200:12107394,12105499:-1:ENSDARG00000008637","ENSDARG00000008637","mttp","1"
"749","1:12139301:12139783:12139516,12139508,12139616,12139611:1:ENSDARG00000091609","ENSDARG00000091609","spink4","1"
"750","1:12139701:12139800:12139587:-1:ENSDARG00000002634","ENSDARG00000002634","b4galt1","112"
"751","1:12140301:12140743:12140665:1:ENSDARG00000091609","ENSDARG00000091609","spink4","1"
"752","1:12140575:12142200:12141463,12141322,12140900,12140575:-1:ENSDARG00000002634","ENSDARG00000002634","b4galt1","1"
"753","1:12144501:12144754:12144754:1:ENSDARG00000091609","ENSDARG00000091609","spink4","8"
"754","1:12146363:12147200:12146363:-1:ENSDARG00000002634","ENSDARG00000002634","b4galt1","1"
"755","1:12149844:12150300:12149914:-1:ENSDARG00000002634","ENSDARG00000002634","b4galt1","1"
"756","1:12190501:12190993:12190993:1:ENSDARG00000062467","ENSDARG00000062467","stra6l","1"
"757","1:12192801:12193200:12193206,12193201:1:ENSDARG00000062467","ENSDARG00000062467","stra6l","7"
"758","1:12227601:12228116:12228116,12227902:1:ENSDARG00000032808","ENSDARG00000032808","tdrd7a","1"
"759","1:12236801:12237051:12237046:1:ENSDARG00000032808","ENSDARG00000032808","tdrd7a","113"
"760","1:12244201:12244543:12244449:1:ENSDARG00000078318","ENSDARG00000078318","tmod1","1"
"761","1:12251601:12251751:12257908:1:ENSDARG00000078318","ENSDARG00000078318","tmod1","4"
"762","1:12257401:12257908:12257908:1:ENSDARG00000078318","ENSDARG00000078318","tmod1","1"
"763","1:12259301:12259680:12260325:1:ENSDARG00000078318","ENSDARG00000078318","tmod1","4"
"764","1:12259801:12260325:12260325:1:ENSDARG00000078318","ENSDARG00000078318","tmod1","1"
"765","1:12262983:12264200:12262983,12263081:-1:ENSDARG00000018997","ENSDARG00000018997","cplx2l","1"
"766","1:12275318:12275500:12275318:-1:ENSDARG00000018997","ENSDARG00000018997","cplx2l","2"
"767","1:12333001:12334539:12334539,12334363:1:ENSDARG00000099771","ENSDARG00000099771","gne","1"
"768","1:12335201:12335556:12335556:1:ENSDARG00000099771","ENSDARG00000099771","gne","2"
"769","1:12341001:12341076:12344784:1:ENSDARG00000045620","ENSDARG00000045620","nansa","6"
"770","1:12341601:12342273:12344782:1:ENSDARG00000045620","ENSDARG00000045620","nansa","1"
"771","1:12342401:12342762:12344782:1:ENSDARG00000045620","ENSDARG00000045620","nansa","23"
"772","1:12344301:12344782:12344782:1:ENSDARG00000045620","ENSDARG00000045620","nansa","1"
"773","1:12348201:12348510:12361928:1:ENSDARG00000045618","ENSDARG00000045618","clta","1"
"774","1:12354801:12356492:12355606,12355561:1:ENSDARG00000045618","ENSDARG00000045618","clta","1"
"775","1:12357801:12358627:12358227:1:ENSDARG00000045618","ENSDARG00000045618","clta","1"
"776","1:12361201:12361928:12361928:1:ENSDARG00000045618","ENSDARG00000045618","clta","1"
"777","1:12364456:12364900:12364456:-1:ENSDARG00000057248","ENSDARG00000057248","sclt1","1"
"778","1:12365401:12365500:12364456:-1:ENSDARG00000057248","ENSDARG00000057248","sclt1","7"
"779","1:12366601:12366988:12366962:1:ENSDARG00000045618","ENSDARG00000045618","clta","27"
"780","1:12367550:12367700:12364456:-1:ENSDARG00000057248","ENSDARG00000057248","sclt1","14"
"781","1:12394701:12394900:12397880:1:ENSDARG00000017985","ENSDARG00000017985","zgc:77739","15"
"782","1:12397101:12397880:12397880,12397746:1:ENSDARG00000017985","ENSDARG00000017985","zgc:77739","1"
"783","1:12399401:12399654:12399654:1:ENSDARG00000017985","ENSDARG00000017985","zgc:77739","6"
"784","1:12448936:12449300:12448936:-1:ENSDARG00000057248","ENSDARG00000057248","sclt1","7"
"785","1:12474320:12474800:12474320:-1:ENSDARG00000117227","ENSDARG00000117227","BX511261.1","114"
"786","1:12546813:12547000:12546878:-1:ENSDARG00000117227","ENSDARG00000117227","BX511261.1","11"
"787","1:12606902:12607300:12606876:-1:ENSDARG00000117227","ENSDARG00000117227","BX511261.1","5"
"788","1:12667858:12668200:12667655:-1:ENSDARG00000102049","ENSDARG00000102049","CU550719.1","2"
"789","1:12770201:12770400:12793590:1:ENSDARG00000099729","ENSDARG00000099729","pcdh10a","14"
"790","1:12770501:12770662:12770738:1:ENSDARG00000099729","ENSDARG00000099729","pcdh10a","115"
"791","1:12771601:12773621:12773595:1:ENSDARG00000099729","ENSDARG00000099729","pcdh10a","29"
"792","1:12776801:12777248:12777060:1:ENSDARG00000099729","ENSDARG00000099729","pcdh10a","6"
"793","1:12788101:12788300:12788326:1:ENSDARG00000099729","ENSDARG00000099729","pcdh10a","3"
"794","1:12792501:12792799:12792693:1:ENSDARG00000099729","ENSDARG00000099729","pcdh10a","1"
"795","1:12793001:12793690:12793590:1:ENSDARG00000099729","ENSDARG00000099729","pcdh10a","1"
"796","1:12796601:12798270:12797550,12797527:1:ENSDARG00000099729","ENSDARG00000099729","pcdh10a","1"
"797","1:12798401:12798821:12798749:1:ENSDARG00000099729","ENSDARG00000099729","pcdh10a","1"
"798","1:12802001:12802200:12802221:1:ENSDARG00000099729","ENSDARG00000099729","pcdh10a","3"
"799","1:12802901:12803188:12803188:1:ENSDARG00000099729","ENSDARG00000099729","pcdh10a","116"
"800","1:12832735:12832900:12832642:-1:ENSDARG00000102049","ENSDARG00000102049","CU550719.1","2"
"801","1:12936701:12937164:12937096,12937054:1:ENSDARG00000098668","ENSDARG00000098668","BX323031.1","1"
"802","1:12940701:12940895:12940791:1:ENSDARG00000098668","ENSDARG00000098668","BX323031.1","20"
"803","1:13029001:13029284:13029318:1:ENSDARG00000098053","ENSDARG00000098053","CT009746.1","4"
"804","1:13069418:13069600:13069377:-1:ENSDARG00000102604","ENSDARG00000102604","BX323837.1","8"
"805","1:13088201:13088900:13088901:1:ENSDARG00000102339","ENSDARG00000102339","si:dkey-5n7.2","1"
"806","1:13229601:13230016:13229771:1:ENSDARG00000102339","ENSDARG00000102339","si:dkey-5n7.2","117"
"807","1:13261123:13262100:13261123:-1:ENSDARG00000089805","ENSDARG00000089805","pcdh18a","1"
"808","1:13265672:13267400:13265996:-1:ENSDARG00000089805","ENSDARG00000089805","pcdh18a","1"
"809","1:13455047:13455300:13454983:-1:ENSDARG00000117726","ENSDARG00000117726","BX004970.1","11"
"810","1:13482201:13482481:13482481:1:ENSDARG00000102339","ENSDARG00000102339","si:dkey-5n7.2","1"
"811","1:13764386:13764700:13764386:-1:ENSDARG00000112668","ENSDARG00000112668","5S_rRNA","118"
"812","1:13820377:13820700:13820300:-1:ENSDARG00000112668","ENSDARG00000112668","5S_rRNA","10"
"813","1:13948901:13949075:13949254:1:ENSDARG00000078525","ENSDARG00000078525","noctb","119"
"814","1:13952101:13953003:13952629,13952619:1:ENSDARG00000078525","ENSDARG00000078525","noctb","1"
"815","1:13953301:13953732:13953732:1:ENSDARG00000078525","ENSDARG00000078525","noctb","120"
"816","1:13955001:13955500:13955524,13955517:1:ENSDARG00000078525","ENSDARG00000078525","noctb","3"
"817","1:13956401:13956600:13956360:-1:ENSDARG00000079626","ENSDARG00000079626","elf2b","13"
"818","1:13957220:13958900:13957220:-1:ENSDARG00000079626","ENSDARG00000079626","elf2b","1"
"819","1:13964233:13964600:13964103:-1:ENSDARG00000079626","ENSDARG00000079626","elf2b","1"
"820","1:13964801:13965185:13965212:1:ENSDARG00000078525","ENSDARG00000078525","noctb","1"
"821","1:13997129:13997600:13997129:-1:ENSDARG00000079626","ENSDARG00000079626","elf2b","1"
"822","1:14001350:14001800:14001264,14001540:-1:ENSDARG00000079626","ENSDARG00000079626","elf2b","6"
"823","1:14002048:14002800:14002164,14002185:-1:ENSDARG00000079626","ENSDARG00000079626","elf2b","1"
"824","1:14004955:14005900:14005329,14004955,14004975:-1:ENSDARG00000079626","ENSDARG00000079626","elf2b","1"
"825","1:14025901:14026780:14026780:1:ENSDARG00000057114","ENSDARG00000057114","hpf1","1"
"826","1:14041801:14042474:14042441:1:ENSDARG00000057114","ENSDARG00000057114","hpf1","1"
"827","1:14080801:14081000:14080763:-1:ENSDARG00000085400","ENSDARG00000085400","U6","1"
"828","1:14126001:14126473:14126701:1:ENSDARG00000009026","ENSDARG00000009026","ank2a","1"
"829","1:14144601:14144888:14144888:1:ENSDARG00000009026","ENSDARG00000009026","ank2a","4"
"830","1:14159601:14160250:14160250:1:ENSDARG00000009026","ENSDARG00000009026","ank2a","1"
"831","1:14162473:14164000:14163479,14162473:-1:ENSDARG00000014273","ENSDARG00000014273","camk2d2","1"
"832","1:14166601:14166900:14163479:-1:ENSDARG00000014273","ENSDARG00000014273","camk2d2","1"
"833","1:14192034:14193100:14192890,14192917,14192765:-1:ENSDARG00000014273","ENSDARG00000014273","camk2d2","1"
"834","1:14200794:14201300:14201037:-1:ENSDARG00000014273","ENSDARG00000014273","camk2d2","121"
"835","1:14203201:14203400:14203514:1:ENSDARG00000009026","ENSDARG00000009026","ank2a","10"
"836","1:14253401:14253600:14254121:1:ENSDARG00000104795","ENSDARG00000104795","cxcl8a","1"
"837","1:14253701:14254121:14254121:1:ENSDARG00000104795","ENSDARG00000104795","cxcl8a","1"
"838","1:14256719:14257700:14256719,14257130:-1:ENSDARG00000056806","ENSDARG00000056806","pde5aa","1"
"839","1:14263622:14264000:14263585:-1:ENSDARG00000056806","ENSDARG00000056806","pde5aa","30"
"840","1:14283346:14284200:14283427:-1:ENSDARG00000056806","ENSDARG00000056806","pde5aa","1"
"841","1:14309001:14309996:14309964,14309996:1:ENSDARG00000056797","ENSDARG00000056797","ppp2r2ca","1"
"842","1:14310006:14310700:14310170:-1:ENSDARG00000062341","ENSDARG00000062341","wfs1a","1"
"843","1:14311745:14312900:14311901:-1:ENSDARG00000062341","ENSDARG00000062341","wfs1a","1"
"844","1:14316156:14316500:14316156:-1:ENSDARG00000062341","ENSDARG00000062341","wfs1a","1"
"845","1:14320554:14322100:14320985,14321671,14320554:-1:ENSDARG00000062341","ENSDARG00000062341","wfs1a","1"
"846","1:14322853:14323100:14322876,14322853:-1:ENSDARG00000062341","ENSDARG00000062341","wfs1a","122"
"847","1:14324066:14324600:14322876:-1:ENSDARG00000062341","ENSDARG00000062341","wfs1a","1"
"848","1:14345116:14345400:14345116:-1:ENSDARG00000062341","ENSDARG00000062341","wfs1a","21"
"849","1:14364201:14364991:14364710,14364726:1:ENSDARG00000056742","ENSDARG00000056742","crmp1","1"
"850","1:14366401:14367132:14367132:1:ENSDARG00000056742","ENSDARG00000056742","crmp1","1"
"851","1:14374701:14374931:14374931:1:ENSDARG00000037576","ENSDARG00000037576","BX530018.1","2"
"852","1:14376701:14376900:14376944:1:ENSDARG00000037576","ENSDARG00000037576","BX530018.1","9"
"853","1:14380001:14380100:14380134:1:ENSDARG00000037576","ENSDARG00000037576","BX530018.1","12"
"854","1:14394401:14394945:14394945:1:ENSDARG00000070431","ENSDARG00000070431","fip1l1b","12"
"855","1:14397701:14397900:14403687:1:ENSDARG00000070431","ENSDARG00000070431","fip1l1b","9"
"856","1:14400101:14401576:14403687:1:ENSDARG00000070431","ENSDARG00000070431","fip1l1b","1"
"857","1:14402801:14403093:14403687:1:ENSDARG00000070431","ENSDARG00000070431","fip1l1b","1"
"858","1:14403301:14403687:14403687:1:ENSDARG00000070431","ENSDARG00000070431","fip1l1b","1"
"859","1:14415601:14416436:14416436:1:ENSDARG00000022690","ENSDARG00000022690","chic2","1"
"860","1:14417701:14418586:14418266:1:ENSDARG00000022690","ENSDARG00000022690","chic2","1"
"861","1:14418170:14419100:14418399,14417784,14417768:-1:ENSDARG00000056677","ENSDARG00000056677","BX530018.2","1"
"862","1:14420952:14421400:14418399:-1:ENSDARG00000056677","ENSDARG00000056677","BX530018.2","1"
"863","1:14422401:14422600:14418397:-1:ENSDARG00000056677","ENSDARG00000056677","BX530018.2","8"
"864","1:14430911:14431300:14431117:-1:ENSDARG00000056677","ENSDARG00000056677","BX530018.2","3"
"865","1:14441001:14441181:14441181:1:ENSDARG00000012903","ENSDARG00000012903","slc34a2a","123"
"866","1:14442201:14442899:14442899:1:ENSDARG00000012903","ENSDARG00000012903","slc34a2a","1"
"867","1:14463101:14464013:14464013:1:ENSDARG00000003398","ENSDARG00000003398","rbpja","1"
"868","1:14486901:14487844:14487831,14487302,14487844:1:ENSDARG00000074867","ENSDARG00000074867","stim2a","1"
"869","1:14499471:14500700:14499691,14499904,14499783,14499913:-1:ENSDARG00000109597","ENSDARG00000109597","si:dkey-194g4.1","1"
"870","1:14500901:14501000:14527258:-1:ENSDARG00000110922","ENSDARG00000110922","CR847936.6","124"
"871","1:14514206:14514600:14514171:-1:ENSDARG00000111274","ENSDARG00000111274","CR847936.7","8"
"872","1:14520601:14520800:14520832:1:ENSDARG00000074867","ENSDARG00000074867","stim2a","5"
"873","1:14520829:14521100:14520829,14520887:-1:ENSDARG00000110922","ENSDARG00000110922","CR847936.6","30"
"874","1:14524201:14524300:14524329:1:ENSDARG00000074867","ENSDARG00000074867","stim2a","125"
"875","1:14526238:14526600:14526238:-1:ENSDARG00000110922","ENSDARG00000110922","CR847936.6","1"
"876","1:14526401:14526472:14526462:1:ENSDARG00000074867","ENSDARG00000074867","stim2a","2"
"877","1:14527258:14527800:14527258:-1:ENSDARG00000110922","ENSDARG00000110922","CR847936.6","1"
"878","1:14527901:14528300:14527258:-1:ENSDARG00000110922","ENSDARG00000110922","CR847936.6","2"
"879","1:14540879:14541300:14540887:-1:ENSDARG00000116310","ENSDARG00000116310","CR847936.9","4"
"880","1:14547401:14547666:14547658,14547714,14547720,14547666:1:ENSDARG00000074867","ENSDARG00000074867","stim2a","1"
"881","1:14557101:14557369:14557315,14557369,14557423,14557307:1:ENSDARG00000074867","ENSDARG00000074867","stim2a","7"
"882","1:14559127:14559600:14559127:-1:ENSDARG00000109592","ENSDARG00000109592","CR847936.4","29"
"883","1:14564301:14564596:14564488,14564596,14564536:1:ENSDARG00000074867","ENSDARG00000074867","stim2a","4"
"884","1:14579801:14580000:14580006:1:ENSDARG00000039063","ENSDARG00000039063","CR847936.1","2"
"885","1:14590401:14590600:14590602:1:ENSDARG00000039063","ENSDARG00000039063","CR847936.1","4"
"886","1:14592426:14592700:14592426:-1:ENSDARG00000103921","ENSDARG00000103921","CR847936.2","33"
"887","1:14598601:14598800:14598546:-1:ENSDARG00000117482","ENSDARG00000117482","CR847936.10","1"
"888","1:14605601:14605962:14605962:1:ENSDARG00000039063","ENSDARG00000039063","CR847936.1","1"
"889","1:14609401:14609735:14609735:1:ENSDARG00000039063","ENSDARG00000039063","CR847936.1","1"
"890","1:14622401:14622600:14622617,14622609:1:ENSDARG00000039063","ENSDARG00000039063","CR847936.1","3"
"891","1:14624533:14624800:14624459:-1:ENSDARG00000114198","ENSDARG00000114198","CR847936.8","7"
"892","1:14645701:14645969:14645913,14645969,14645921:1:ENSDARG00000039063","ENSDARG00000039063","CR847936.1","3"
"893","1:14653901:14654000:14654085:1:ENSDARG00000039063","ENSDARG00000039063","CR847936.1","11"
"894","1:14654084:14654500:14654084:-1:ENSDARG00000106947","ENSDARG00000106947","CR847936.3","1"
"895","1:14660101:14660300:14663152:1:ENSDARG00000039063","ENSDARG00000039063","CR847936.1","126"
"896","1:14662601:14663152:14663152:1:ENSDARG00000039063","ENSDARG00000039063","CR847936.1","1"
"897","1:14663565:14665000:14663565:-1:ENSDARG00000113383","ENSDARG00000113383","CU138548.5","1"
"898","1:14665733:14667100:14665961:-1:ENSDARG00000113383","ENSDARG00000113383","CU138548.5","1"
"899","1:14667801:14668000:14667763:-1:ENSDARG00000113383","ENSDARG00000113383","CU138548.5","12"
"900","1:14669901:14670100:14669824:-1:ENSDARG00000113383","ENSDARG00000113383","CU138548.5","11"
"901","1:14674901:14675070:14675144:1:ENSDARG00000109748","ENSDARG00000109748","CR847936.5","19"
"902","1:14697734:14698000:14697734,14697680,14697686,14697742,14697626:-1:ENSDARG00000113383","ENSDARG00000113383","CU138548.5","3"
"903","1:14704909:14705100:14704909,14704917,14704861,14704801:-1:ENSDARG00000113383","ENSDARG00000113383","CU138548.5","9"
"904","1:14712049:14712300:14712049,14712057,14712001,14711941:-1:ENSDARG00000113383","ENSDARG00000113383","CU138548.5","3"
"905","1:14719135:14719400:14719197,14719135,14719141,14719190,14719185:-1:ENSDARG00000113383","ENSDARG00000113383","CU138548.5","1"
"906","1:14726329:14726600:14726329,14726275,14726221:-1:ENSDARG00000113383","ENSDARG00000113383","CU138548.5","3"
"907","1:14731301:14731654:14731654:1:ENSDARG00000111710","ENSDARG00000111710","CU138548.3","127"
"908","1:14733415:14733700:14733477,14733415,14733469,14733361:-1:ENSDARG00000113383","ENSDARG00000113383","CU138548.5","1"
"909","1:14740641:14740900:14740651,14740595,14740589,14740535,14740641:-1:ENSDARG00000113383","ENSDARG00000113383","CU138548.5","3"
"910","1:14747818:14748000:14747826,14747818,14747764,14747770:-1:ENSDARG00000113383","ENSDARG00000113383","CU138548.5","7"
"911","1:14757501:14757700:14757725:1:ENSDARG00000114262","ENSDARG00000114262","CU138548.6","7"
"912","1:14762501:14762799:14762799:1:ENSDARG00000114262","ENSDARG00000114262","CU138548.6","19"
"913","1:14985201:14985377:14985377:1:ENSDARG00000114262","ENSDARG00000114262","CU138548.6","13"
"914","1:15176001:15176479:15176455:1:ENSDARG00000078898","ENSDARG00000078898","pcdh7a","128"
"915","1:15195901:15196200:15195890:-1:ENSDARG00000079317","ENSDARG00000079317","dlc1","4"
"916","1:15200601:15201235:15201103:1:ENSDARG00000078898","ENSDARG00000078898","pcdh7a","1"
"917","1:15202301:15203217:15203217:1:ENSDARG00000078898","ENSDARG00000078898","pcdh7a","1"
"918","1:15223301:15223562:15223551,15223562:1:ENSDARG00000007534","ENSDARG00000007534","itln1","1"
"919","1:15229601:15229796:15229787:1:ENSDARG00000007534","ENSDARG00000007534","itln1","1"
"920","1:15238201:15238840:15238812,15238441:1:ENSDARG00000007534","ENSDARG00000007534","itln1","1"
"921","1:15248901:15249000:15249012:1:ENSDARG00000077804","ENSDARG00000077804","hgsnat","4"
"922","1:15254601:15256327:15256327,15256098,15256105:1:ENSDARG00000077804","ENSDARG00000077804","hgsnat","1"
"923","1:15284401:15285225:15285225:1:ENSDARG00000013881","ENSDARG00000013881","pi4k2b","1"
"924","1:15291026:15293600:15291026,15291637:-1:ENSDARG00000079317","ENSDARG00000079317","dlc1","1"
"925","1:15295404:15295600:15295439,15295404:-1:ENSDARG00000079317","ENSDARG00000079317","dlc1","2"
"926","1:15303701:15304262:15304253:1:ENSDARG00000013881","ENSDARG00000013881","pi4k2b","1"
"927","1:15331801:15332000:15332043:1:ENSDARG00000013881","ENSDARG00000013881","pi4k2b","11"
"928","1:15333068:15333400:15333334:-1:ENSDARG00000117428","ENSDARG00000117428","CR848833.1","4"
"929","1:15436823:15437100:15436720:-1:ENSDARG00000117428","ENSDARG00000117428","CR848833.1","1"
"930","1:15618110:15618300:15618110:-1:ENSDARG00000106258","ENSDARG00000106258","SGCZ","14"
"931","1:15618815:15619200:15618815,15618795,15618953:-1:ENSDARG00000106258","ENSDARG00000106258","SGCZ","1"
"932","1:15619413:15619700:15619413:-1:ENSDARG00000106258","ENSDARG00000106258","SGCZ","5"
"933","1:15620397:15621400:15620846:-1:ENSDARG00000106258","ENSDARG00000106258","SGCZ","1"
"934","1:15630660:15630800:15630696:-1:ENSDARG00000106258","ENSDARG00000106258","SGCZ","2"
"935","1:15632803:15633400:15632803:-1:ENSDARG00000106258","ENSDARG00000106258","SGCZ","27"
"936","1:15657929:15658300:15657891:-1:ENSDARG00000106258","ENSDARG00000106258","SGCZ","1"
"937","1:15682825:15683200:15682781:-1:ENSDARG00000106258","ENSDARG00000106258","SGCZ","1"
"938","1:15692804:15692900:15692774:-1:ENSDARG00000106258","ENSDARG00000106258","SGCZ","2"
"939","1:15848601:15848700:15848772:1:ENSDARG00000108223","ENSDARG00000108223","5S_rRNA","7"
"940","1:15865908:15866600:15866091:-1:ENSDARG00000106258","ENSDARG00000106258","SGCZ","1"
"941","1:15906028:15907300:15906028:-1:ENSDARG00000106258","ENSDARG00000106258","SGCZ","1"
"942","1:15945618:15947100:15945739:-1:ENSDARG00000106258","ENSDARG00000106258","SGCZ","1"
"943","1:15964422:15964900:15964372:-1:ENSDARG00000106258","ENSDARG00000106258","SGCZ","1"
"944","1:15997373:15998700:15997405:-1:ENSDARG00000106258","ENSDARG00000106258","SGCZ","1"
"945","1:16021236:16021900:16021193:-1:ENSDARG00000007356","ENSDARG00000007356","fgf20a","1"
"946","1:16028801:16029000:16028796:-1:ENSDARG00000007356","ENSDARG00000007356","fgf20a","18"
"947","1:16083501:16083677:16083677:1:ENSDARG00000108223","ENSDARG00000108223","5S_rRNA","10"
"948","1:16085301:16085596:16085618:1:ENSDARG00000108223","ENSDARG00000108223","5S_rRNA","15"
"949","1:16098701:16099929:16099353:1:ENSDARG00000108223","ENSDARG00000108223","5S_rRNA","1"
"950","1:16113701:16114043:16114015:1:ENSDARG00000108223","ENSDARG00000108223","5S_rRNA","1"
"951","1:16135501:16135600:16220236:1:ENSDARG00000078854","ENSDARG00000078854","tusc3","129"
"952","1:16143801:16143891:16143891:1:ENSDARG00000108223","ENSDARG00000108223","5S_rRNA","16"
"953","1:16144601:16144800:16220234:1:ENSDARG00000078854","ENSDARG00000078854","tusc3","2"
"954","1:16152801:16153000:16220236:1:ENSDARG00000078854","ENSDARG00000078854","tusc3","14"
"955","1:16153501:16153700:16220236:1:ENSDARG00000078854","ENSDARG00000078854","tusc3","37"
"956","1:16161201:16161536:16161510:1:ENSDARG00000108223","ENSDARG00000108223","5S_rRNA","17"
"957","1:16171601:16171800:16171591:-1:ENSDARG00000007356","ENSDARG00000007356","fgf20a","3"
"958","1:16178701:16178839:16178788:1:ENSDARG00000108223","ENSDARG00000108223","5S_rRNA","10"
"959","1:16190401:16190600:16220237:1:ENSDARG00000078854","ENSDARG00000078854","tusc3","32"
"960","1:16192101:16192300:16220236:1:ENSDARG00000078854","ENSDARG00000078854","tusc3","1"
"961","1:16216301:16216500:16220237:1:ENSDARG00000078854","ENSDARG00000078854","tusc3","1"
"962","1:16219901:16220237:16220237:1:ENSDARG00000078854","ENSDARG00000078854","tusc3","1"
"963","1:16259101:16259354:16259592:1:ENSDARG00000078854","ENSDARG00000078854","tusc3","10"
"964","1:16303701:16303942:16303942:1:ENSDARG00000078854","ENSDARG00000078854","tusc3","7"
"965","1:16325301:16325500:16325270:-1:ENSDARG00000007356","ENSDARG00000007356","fgf20a","14"
"966","1:16377255:16377400:16377148:-1:ENSDARG00000007356","ENSDARG00000007356","fgf20a","5"
"967","1:16387901:16388200:16387888:-1:ENSDARG00000007356","ENSDARG00000007356","fgf20a","5"
"968","1:16392411:16393100:16392411:-1:ENSDARG00000007356","ENSDARG00000007356","fgf20a","34"
"969","1:16434401:16435086:16435086:1:ENSDARG00000078599","ENSDARG00000078599","micu3a","130"
"970","1:16444001:16444492:16444418:1:ENSDARG00000078599","ENSDARG00000078599","micu3a","1"
"971","1:16456101:16457166:16456762,16457166:1:ENSDARG00000078599","ENSDARG00000078599","micu3a","1"
"972","1:16473001:16473813:16473312:1:ENSDARG00000017119","ENSDARG00000017119","vps37a","1"
"973","1:16474839:16475100:16474839:-1:ENSDARG00000070412","ENSDARG00000070412","mtmr7b","1"
"974","1:16477501:16477726:16480211:1:ENSDARG00000017119","ENSDARG00000017119","vps37a","5"
"975","1:16479501:16480211:16480211:1:ENSDARG00000017119","ENSDARG00000017119","vps37a","1"
"976","1:16482910:16483800:16482910:-1:ENSDARG00000070412","ENSDARG00000070412","mtmr7b","1"
"977","1:16484101:16484163:16484345:1:ENSDARG00000017119","ENSDARG00000017119","vps37a","31"
"978","1:16484213:16484600:16484213,16484247:-1:ENSDARG00000070412","ENSDARG00000070412","mtmr7b","5"
"979","1:16517008:16517200:16517008:-1:ENSDARG00000070412","ENSDARG00000070412","mtmr7b","8"
"980","1:16524601:16524869:16524764:1:ENSDARG00000017119","ENSDARG00000017119","vps37a","11"
"981","1:16541101:16541839:16542094:1:ENSDARG00000017119","ENSDARG00000017119","vps37a","9"
"982","1:16542001:16542936:16542523,16542622:1:ENSDARG00000017119","ENSDARG00000017119","vps37a","1"
"983","1:16574501:16574900:16574926,16574955:1:ENSDARG00000034105","ENSDARG00000034105","mtus1b","1"
"984","1:16593101:16593887:16593887:1:ENSDARG00000034105","ENSDARG00000034105","mtus1b","1"
"985","1:16607301:16607588:16607627:1:ENSDARG00000034105","ENSDARG00000034105","mtus1b","1"
"986","1:16616801:16617740:16617740,16617367:1:ENSDARG00000034105","ENSDARG00000034105","mtus1b","1"
"987","1:16618701:16619168:16619041:1:ENSDARG00000034105","ENSDARG00000034105","mtus1b","3"
"988","1:16642601:16643087:16642855:1:ENSDARG00000062198","ENSDARG00000062198","pcm1","1"
"989","1:16649401:16649678:16649678:1:ENSDARG00000062198","ENSDARG00000062198","pcm1","3"
"990","1:16649801:16649900:16649748:-1:ENSDARG00000034817","ENSDARG00000034817","asah1b","3"
"991","1:16649901:16650438:16654158:1:ENSDARG00000062198","ENSDARG00000062198","pcm1","1"
"992","1:16650901:16651100:16654158:1:ENSDARG00000062198","ENSDARG00000062198","pcm1","4"
"993","1:16653401:16654158:16654158:1:ENSDARG00000062198","ENSDARG00000062198","pcm1","1"
"994","1:16653428:16654800:16654258:-1:ENSDARG00000034817","ENSDARG00000034817","asah1b","1"
"995","1:16655001:16655100:16654258:-1:ENSDARG00000034817","ENSDARG00000034817","asah1b","7"
"996","1:16657901:16658413:16658217:1:ENSDARG00000062198","ENSDARG00000062198","pcm1","1"
"997","1:16659704:16660000:16659704:-1:ENSDARG00000034817","ENSDARG00000034817","asah1b","17"
"998","1:16663301:16663500:16663516:1:ENSDARG00000062198","ENSDARG00000062198","pcm1","2"
"999","1:16674101:16674200:16674244:1:ENSDARG00000062198","ENSDARG00000062198","pcm1","5"
